EmployeeNumber,set,Attrition,Department,JobRole,OverTime,MonthlyIncome,Age,YearsAtCompany,JobSatisfaction,risk_score,risk_decile,xgb_score,top_shap_driver
1,train,Yes,Sales,Sales Executive,Yes,5993,41,6,4,0.7493,10,0.5262,OverTime
2,train,No,Research & Development,Research Scientist,No,5130,49,10,2,0.027,4,0.337,StockOptionLevel
4,test,Yes,Research & Development,Laboratory Technician,Yes,2090,37,0,3,0.5109,10,0.6153,OverTime
5,train,No,Research & Development,Research Scientist,Yes,2909,33,8,3,0.1003,6,0.5997,OverTime
7,train,No,Research & Development,Laboratory Technician,No,3468,27,2,2,0.4582,9,0.5192,OverTime
8,test,No,Research & Development,Laboratory Technician,No,3068,32,7,4,0.0891,6,0.5216,Age
10,test,No,Research & Development,Laboratory Technician,Yes,2670,59,1,1,0.1263,7,0.4674,Age
11,train,No,Research & Development,Laboratory Technician,No,2693,30,1,3,0.1142,7,0.4826,OverTime
12,test,No,Research & Development,Manufacturing Director,No,9526,38,9,3,0.052,5,0.3908,Age
13,train,No,Research & Development,Healthcare Representative,No,5237,36,7,3,0.0346,4,0.3248,Age
14,test,No,Research & Development,Laboratory Technician,No,2426,35,5,2,0.0381,4,0.3637,OverTime
15,train,No,Research & Development,Laboratory Technician,Yes,4193,29,9,3,0.2006,8,0.4458,StockOptionLevel
16,train,No,Research & Development,Research Scientist,No,2911,31,5,3,0.2318,8,0.3832,OverTime
18,test,No,Research & Development,Laboratory Technician,No,2661,34,2,4,0.0534,5,0.3629,OverTime
19,train,Yes,Research & Development,Laboratory Technician,Yes,2028,28,4,3,0.8526,10,0.6916,MonthlyIncome
20,train,No,Research & Development,Manufacturing Director,No,9980,29,10,1,0.0302,4,0.3846,StockOptionLevel
21,train,No,Research & Development,Research Scientist,Yes,3298,32,6,2,0.0623,5,0.5095,OverTime
22,test,No,Research & Development,Laboratory Technician,Yes,2935,22,1,4,0.099,6,0.6103,JobLevel
23,train,No,Sales,Manager,No,15427,53,25,4,0.0021,1,0.4002,StockOptionLevel
24,train,No,Research & Development,Research Scientist,Yes,3944,38,3,4,0.1486,7,0.4347,Age
26,train,No,Research & Development,Manufacturing Director,No,4011,24,4,3,0.0024,1,0.3343,StockOptionLevel
27,test,Yes,Sales,Sales Representative,No,3407,36,5,1,0.5032,10,0.381,Age
28,train,No,Research & Development,Research Director,No,11994,34,12,2,0.0088,2,0.3596,OverTime
30,train,No,Research & Development,Research Scientist,No,1232,21,0,4,0.0452,5,0.5949,MonthlyIncome
31,train,Yes,Research & Development,Research Scientist,No,2960,34,4,1,0.1379,7,0.3703,Age
32,train,No,Research & Development,Manager,No,19094,53,14,3,0.001,1,0.3402,MonthlyIncome
33,train,Yes,Research & Development,Research Scientist,Yes,3919,32,10,1,0.8981,10,0.6217,StockOptionLevel
35,train,No,Sales,Sales Executive,No,6825,42,9,2,0.0413,4,0.3537,Age
36,train,No,Research & Development,Healthcare Representative,No,10248,44,22,4,0.0027,1,0.3854,EnvironmentSatisfaction
38,train,No,Sales,Manager,No,18947,46,2,1,0.0459,5,0.361,Age
39,train,No,Research & Development,Laboratory Technician,No,2496,33,1,4,0.0711,6,0.542,JobLevel
40,train,No,Research & Development,Healthcare Representative,Yes,6465,44,4,4,0.0041,1,0.4005,Age
41,train,No,Research & Development,Laboratory Technician,No,2206,30,10,3,0.11,7,0.5214,MonthlyIncome
42,train,Yes,Sales,Sales Representative,No,2086,39,1,4,0.013,3,0.3777,YearsWithCurrManager
45,train,Yes,Research & Development,Research Scientist,Yes,2293,24,2,4,0.3475,9,0.6764,MonthlyIncome
46,test,No,Research & Development,Research Scientist,No,2645,43,5,3,0.0014,1,0.3155,Age
47,train,Yes,Sales,Sales Representative,Yes,2683,50,3,3,0.6994,10,0.607,OverTime
49,test,No,Sales,Sales Representative,No,2014,35,2,4,0.0671,5,0.3619,OverTime
51,train,No,Research & Development,Research Scientist,Yes,3419,36,1,1,0.4321,9,0.5893,OverTime
52,test,No,Sales,Sales Executive,No,5376,33,5,1,0.0398,4,0.3314,StockOptionLevel
53,train,No,Research & Development,Laboratory Technician,No,1951,35,1,4,0.0235,3,0.4356,OverTime
54,train,No,Research & Development,Laboratory Technician,No,2341,27,1,1,0.0282,4,0.5079,MonthlyIncome
55,train,Yes,Research & Development,Laboratory Technician,No,2293,26,1,3,0.8635,10,0.6641,MonthlyIncome
56,test,No,Sales,Sales Executive,No,8726,27,9,3,0.0659,5,0.477,StockOptionLevel
57,train,No,Research & Development,Laboratory Technician,No,4011,30,12,4,0.0506,5,0.4226,StockOptionLevel
58,train,Yes,Research & Development,Research Director,No,19545,41,22,3,0.0466,5,0.3977,Age
60,train,No,Sales,Sales Executive,No,4568,34,9,3,0.1499,7,0.3867,OverTime
61,train,No,Research & Development,Research Scientist,No,3022,37,1,2,0.2263,8,0.4081,OverTime
62,train,No,Sales,Sales Executive,Yes,5772,46,9,4,0.3129,9,0.5356,StockOptionLevel
63,train,No,Research & Development,Laboratory Technician,No,2269,35,1,4,0.0213,3,0.3631,Age
64,train,Yes,Research & Development,Laboratory Technician,Yes,5381,48,1,3,0.7842,10,0.4596,Age
65,test,Yes,Research & Development,Laboratory Technician,Yes,3441,28,2,3,0.8038,10,0.6081,JobLevel
68,train,No,Sales,Sales Executive,Yes,5454,44,4,1,0.4258,9,0.4669,OverTime
70,train,No,Research & Development,Healthcare Representative,Yes,9884,35,4,1,0.1195,7,0.4107,OverTime
72,train,No,Sales,Sales Executive,Yes,4157,26,2,4,0.7622,10,0.5227,StockOptionLevel
73,train,No,Research & Development,Research Director,Yes,13458,33,15,4,0.097,6,0.4529,StockOptionLevel
74,test,No,Sales,Sales Executive,No,9069,35,9,1,0.1159,7,0.3822,OverTime
75,test,No,Research & Development,Laboratory Technician,Yes,4014,35,2,1,0.5275,10,0.4712,OverTime
76,train,No,Research & Development,Laboratory Technician,No,5915,31,7,4,0.0113,2,0.292,StockOptionLevel
77,test,No,Research & Development,Manufacturing Director,No,5993,37,7,3,0.0064,2,0.314,StockOptionLevel
78,test,No,Research & Development,Manufacturing Director,Yes,6162,32,9,4,0.0757,6,0.3563,MonthlyIncome
79,train,No,Research & Development,Laboratory Technician,No,2406,38,10,4,0.2744,8,0.3701,Age
80,test,No,Research & Development,Research Director,Yes,18740,50,27,3,0.3439,9,0.4659,MonthlyIncome
81,train,No,Sales,Sales Executive,No,7637,59,21,1,0.1441,7,0.4269,OverTime
83,test,No,Research & Development,Healthcare Representative,No,10096,36,17,3,0.012,2,0.3397,OverTime
84,train,No,Research & Development,Manager,Yes,14756,55,5,3,0.007,2,0.3469,MonthlyIncome
85,train,No,Research & Development,Manufacturing Director,No,6499,36,6,2,0.1449,7,0.41,Age
86,test,No,Research & Development,Research Scientist,No,9724,45,1,1,0.0141,3,0.3385,Age
88,train,No,Research & Development,Research Scientist,No,2194,35,3,1,0.2245,8,0.3728,OverTime
90,train,Yes,Research & Development,Research Scientist,Yes,3388,36,1,3,0.3398,9,0.6047,OverTime
91,train,No,Sales,Sales Executive,No,5473,59,4,3,0.2619,8,0.4767,Age
94,train,No,Research & Development,Research Scientist,No,2703,29,5,2,0.0069,2,0.346,OverTime
95,train,No,Research & Development,Research Scientist,No,2501,31,1,2,0.0669,5,0.599,Age
96,train,No,Research & Development,Research Scientist,No,6220,32,10,2,0.0105,2,0.3003,StockOptionLevel
97,train,No,Research & Development,Laboratory Technician,No,3038,36,1,4,0.0556,5,0.3927,Age
98,train,No,Research & Development,Manufacturing Director,No,4424,31,11,4,0.0039,1,0.4039,StockOptionLevel
100,train,No,Sales,Sales Executive,No,4312,35,15,1,0.0661,5,0.3926,Age
101,test,No,Research & Development,Research Director,Yes,13245,45,0,1,0.0191,3,0.418,Age
102,train,No,Research & Development,Research Director,No,13664,37,5,3,0.0244,3,0.3583,Age
103,test,No,Human Resources,Human Resources,Yes,5021,46,4,2,0.23,8,0.4724,OverTime
104,train,No,Research & Development,Laboratory Technician,Yes,5126,30,10,4,0.2969,9,0.3806,MonthlyIncome
105,train,No,Research & Development,Research Scientist,No,2859,35,6,3,0.0618,5,0.3825,Age
106,train,No,Sales,Sales Executive,No,10239,55,1,4,0.0085,2,0.3725,Age
107,train,No,Research & Development,Research Scientist,Yes,5329,38,13,4,0.0111,2,0.3936,OverTime
110,train,No,Research & Development,Manufacturing Director,No,4325,34,5,2,0.0425,5,0.4022,Age
112,train,No,Research & Development,Manufacturing Director,No,7260,56,6,4,0.0065,2,0.4205,Age
113,train,No,Sales,Sales Representative,No,2322,23,0,1,0.4644,9,0.5207,MonthlyIncome
116,train,No,Research & Development,Laboratory Technician,No,2075,51,4,4,0.0077,2,0.3583,OverTime
117,test,No,Research & Development,Healthcare Representative,No,4152,30,11,4,0.0117,2,0.2991,StockOptionLevel
118,train,Yes,Sales,Sales Executive,No,9619,46,9,4,0.0291,4,0.435,StockOptionLevel
119,train,No,Research & Development,Healthcare Representative,No,13503,40,22,2,0.1207,7,0.3145,MonthlyIncome
120,train,No,Sales,Sales Executive,Yes,5441,51,10,4,0.398,9,0.5146,Age
121,train,No,Sales,Sales Executive,Yes,5209,30,11,2,0.0736,6,0.3198,StockOptionLevel
124,train,No,Research & Development,Healthcare Representative,Yes,10673,46,10,1,0.2391,8,0.3836,StockOptionLevel
125,train,No,Sales,Sales Executive,No,5010,32,11,3,0.1175,7,0.4195,StockOptionLevel
126,train,No,Research & Development,Research Director,No,13549,54,4,3,0.0551,5,0.3724,MonthlyIncome
128,train,No,Sales,Sales Executive,No,4999,24,3,3,0.0687,6,0.3501,StockOptionLevel
129,train,No,Sales,Sales Executive,No,4221,28,5,3,0.0111,2,0.4472,StockOptionLevel
131,train,No,Sales,Sales Executive,No,13872,58,37,3,0.0062,2,0.41,OverTime
132,train,No,Research & Development,Laboratory Technician,No,2042,44,3,2,0.0296,4,0.379,Age
133,train,Yes,Human Resources,Human Resources,Yes,2073,37,3,1,0.4327,9,0.6144,OverTime
134,test,No,Research & Development,Research Scientist,No,2956,32,1,1,0.0841,6,0.5597,Age
137,train,Yes,Research & Development,Laboratory Technician,Yes,2926,20,1,4,0.6797,10,0.6912,JobLevel
138,train,No,Research & Development,Research Scientist,No,4809,34,16,3,0.0055,2,0.3372,OverTime
139,train,No,Research & Development,Healthcare Representative,No,5163,37,1,4,0.0019,1,0.3376,MonthlyIncome
140,test,No,Human Resources,Manager,No,18844,59,3,4,0.0,1,0.354,StockOptionLevel
141,train,No,Research & Development,Research Director,Yes,18172,50,8,2,0.0984,6,0.4885,OverTime
142,train,Yes,Sales,Sales Executive,Yes,5744,25,6,3,0.5828,10,0.5916,StockOptionLevel
143,train,No,Research & Development,Research Scientist,No,2889,25,2,4,0.0208,3,0.3944,StockOptionLevel
144,train,No,Research & Development,Laboratory Technician,No,2871,22,0,4,0.1393,7,0.5854,Age
145,test,No,Research & Development,Healthcare Representative,No,7484,51,13,1,0.3026,9,0.4899,Age
147,train,Yes,Research & Development,Laboratory Technician,Yes,6074,34,9,3,0.7973,10,0.527,OverTime
148,train,No,Human Resources,Manager,Yes,17328,54,5,4,0.0,1,0.3811,Age
150,train,No,Research & Development,Laboratory Technician,No,2774,24,5,3,0.1285,7,0.3982,OverTime
151,test,No,Research & Development,Research Scientist,No,4505,34,1,2,0.0466,5,0.3651,YearsWithCurrManager
152,train,No,Sales,Sales Executive,No,7428,37,5,4,0.0401,4,0.3601,Age
153,train,No,Research & Development,Manager,No,11631,34,11,1,0.0203,3,0.3699,Age
154,train,No,Sales,Sales Executive,No,9738,36,9,4,0.0225,3,0.3685,OverTime
155,train,No,Research & Development,Laboratory Technician,No,2835,36,1,4,0.1341,7,0.4951,Age
158,train,No,Sales,Manager,Yes,16959,43,25,4,0.0066,2,0.4013,MonthlyIncome
159,train,No,Research & Development,Research Scientist,No,2613,30,10,3,0.0986,6,0.4026,OverTime
160,train,No,Sales,Sales Executive,No,6146,33,7,2,0.0125,2,0.3726,StockOptionLevel
161,test,Yes,Research & Development,Research Scientist,Yes,4963,56,5,2,0.3834,9,0.5302,OverTime
162,train,No,Research & Development,Research Director,No,19537,51,20,3,0.0288,4,0.3384,Age
163,train,Yes,Sales,Sales Executive,Yes,6172,31,7,3,0.7596,10,0.5871,StockOptionLevel
164,train,No,Research & Development,Research Scientist,No,2368,26,5,2,0.06,5,0.512,MonthlyIncome
165,train,Yes,Research & Development,Healthcare Representative,No,10312,58,40,4,0.0067,2,0.4586,DistanceFromHome
167,test,Yes,Sales,Sales Representative,Yes,1675,19,0,3,0.9055,10,0.707,MonthlyIncome
169,train,No,Research & Development,Laboratory Technician,No,2523,22,2,4,0.1454,7,0.4159,JobLevel
170,train,No,Research & Development,Manufacturing Director,No,6567,49,15,1,0.0089,2,0.3684,Age
171,train,No,Research & Development,Research Scientist,No,4739,43,3,3,0.0511,5,0.3837,Age
174,train,No,Sales,Sales Executive,No,9208,50,2,4,0.0872,6,0.4189,Age
175,train,Yes,Sales,Sales Executive,Yes,4559,31,2,3,0.7172,10,0.5363,OverTime
176,train,No,Sales,Sales Executive,Yes,8189,41,9,3,0.062,5,0.397,OverTime
177,train,No,Human Resources,Human Resources,No,2942,26,8,3,0.0244,3,0.3904,OverTime
178,train,No,Research & Development,Manufacturing Director,No,4941,36,3,2,0.0439,5,0.372,Age
179,train,Yes,Research & Development,Manufacturing Director,No,10650,51,4,4,0.0701,6,0.5045,Age
182,test,No,Sales,Sales Executive,No,5902,39,15,3,0.0063,2,0.305,StockOptionLevel
183,train,No,Sales,Sales Executive,No,8639,25,2,3,0.311,9,0.5391,StockOptionLevel
184,train,No,Human Resources,Human Resources,Yes,6347,30,11,4,0.2486,8,0.434,StockOptionLevel
190,train,Yes,Research & Development,Laboratory Technician,No,4200,32,5,1,0.3965,9,0.5713,Age
192,train,No,Research & Development,Research Scientist,No,3452,45,6,4,0.0807,6,0.3841,Age
193,train,No,Research & Development,Research Scientist,Yes,4317,38,3,3,0.1714,8,0.4285,OverTime
194,train,No,Research & Development,Research Scientist,No,2632,30,5,3,0.0971,6,0.5024,Age
195,train,No,Sales,Sales Executive,No,4668,32,8,4,0.0062,2,0.3287,StockOptionLevel
197,train,No,Research & Development,Research Scientist,No,3204,30,3,1,0.0624,5,0.3795,OverTime
198,train,No,Research & Development,Laboratory Technician,No,2720,30,5,4,0.1037,6,0.5113,Age
199,test,No,Research & Development,Manager,No,17181,41,7,1,0.1595,7,0.3087,MonthlyIncome
200,train,No,Research & Development,Laboratory Technician,No,2238,41,5,1,0.0869,6,0.3477,OverTime
201,train,No,Research & Development,Laboratory Technician,No,1483,19,1,2,0.2446,8,0.6212,MonthlyIncome
202,train,No,Research & Development,Research Scientist,No,5605,40,20,2,0.0251,4,0.3531,Age
204,train,No,Sales,Sales Executive,No,7295,35,10,2,0.0177,3,0.3363,OverTime
205,test,No,Sales,Sales Representative,Yes,2306,53,7,3,0.4811,10,0.4852,MonthlyIncome
206,train,No,Research & Development,Laboratory Technician,No,2348,45,17,2,0.0819,6,0.4456,MonthlyIncome
207,test,No,Sales,Sales Executive,No,8998,32,9,4,0.1048,6,0.4795,StockOptionLevel
208,train,No,Research & Development,Manufacturing Director,No,4319,29,10,3,0.0034,1,0.3334,StockOptionLevel
211,train,No,Research & Development,Manufacturing Director,No,6132,51,1,3,0.0207,3,0.3628,Age
214,train,No,Research & Development,Research Scientist,Yes,3346,58,1,2,0.2701,8,0.4552,Age
215,train,No,Sales,Sales Executive,No,10855,40,12,4,0.0548,5,0.3377,Age
216,test,No,Sales,Sales Representative,No,2231,34,4,3,0.2311,8,0.3946,OverTime
217,train,No,Research & Development,Research Scientist,No,2323,22,2,4,0.0187,3,0.4035,OverTime
218,train,No,Research & Development,Research Scientist,No,2024,27,2,2,0.0545,5,0.507,MonthlyIncome
221,test,No,Research & Development,Research Scientist,No,2713,28,5,4,0.0595,5,0.4216,OverTime
223,train,No,Research & Development,Healthcare Representative,Yes,9439,57,5,4,0.0713,6,0.3495,MonthlyIncome
224,train,No,Research & Development,Research Scientist,Yes,2566,27,1,3,0.0857,6,0.5589,OverTime
226,test,No,Research & Development,Manager,No,19926,50,5,2,0.0206,3,0.3995,Age
227,train,No,Research & Development,Research Scientist,No,2451,41,9,3,0.0241,3,0.3794,OverTime
228,test,No,Sales,Sales Executive,No,9419,30,10,4,0.0308,4,0.3506,StockOptionLevel
230,train,No,Sales,Sales Executive,No,8686,38,8,4,0.0384,4,0.4108,Age
231,train,No,Research & Development,Research Scientist,No,3038,32,5,3,0.0623,5,0.5006,StockOptionLevel
233,train,No,Research & Development,Research Scientist,Yes,3058,27,5,2,0.425,9,0.5186,OverTime
235,train,Yes,Sales,Sales Representative,No,2325,19,0,1,0.8524,10,0.6439,Age
238,train,No,Research & Development,Laboratory Technician,No,2088,36,8,2,0.4469,9,0.4432,Age
239,train,No,Research & Development,Laboratory Technician,No,3072,30,12,1,0.0155,3,0.345,StockOptionLevel
240,train,No,Sales,Sales Executive,Yes,5006,45,5,1,0.1136,7,0.3802,StockOptionLevel
241,train,No,Research & Development,Research Scientist,Yes,4257,56,2,1,0.0431,5,0.4062,MonthlyIncome
242,train,No,Research & Development,Research Scientist,No,2500,33,3,4,0.0222,3,0.4708,OverTime
243,train,Yes,Research & Development,Laboratory Technician,No,1102,19,1,4,0.5124,10,0.7104,MonthlyIncome
244,train,No,Sales,Sales Executive,No,10453,46,24,1,0.0666,5,0.36,OverTime
245,test,No,Research & Development,Laboratory Technician,No,2288,38,2,4,0.0775,6,0.4293,Age
246,train,No,Research & Development,Research Scientist,Yes,3929,31,4,4,0.2313,8,0.4919,OverTime
247,test,No,Research & Development,Research Scientist,No,2311,34,3,2,0.0363,4,0.4133,OverTime
248,test,Yes,Sales,Sales Representative,Yes,3140,41,4,2,0.736,10,0.5832,OverTime
249,train,No,Research & Development,Laboratory Technician,No,3690,50,3,3,0.0571,5,0.366,OverTime
250,train,No,Research & Development,Manufacturing Director,No,4450,53,4,1,0.0027,1,0.3435,StockOptionLevel
252,train,No,Research & Development,Research Scientist,No,2756,33,8,2,0.0025,1,0.373,OverTime
253,train,No,Research & Development,Manager,No,19033,40,20,3,0.0094,2,0.3026,MonthlyIncome
254,train,No,Research & Development,Research Director,No,18722,55,24,2,0.0008,1,0.3639,Age
256,test,No,Research & Development,Manufacturing Director,No,9547,34,10,3,0.0139,3,0.3723,Age
258,train,No,Research & Development,Healthcare Representative,No,13734,51,7,2,0.0024,1,0.3359,Age
259,train,No,Research & Development,Manager,No,19999,52,33,3,0.0044,1,0.3228,StockOptionLevel
260,train,No,Research & Development,Research Scientist,No,2279,27,7,2,0.0208,3,0.5022,MonthlyIncome
261,test,Yes,Research & Development,Manufacturing Director,Yes,5916,35,1,3,0.5633,10,0.4411,OverTime
262,train,No,Research & Development,Research Scientist,No,2089,43,5,4,0.0004,1,0.3154,Age
264,train,No,Research & Development,Manager,No,16792,45,20,4,0.0817,6,0.3955,NumCompaniesWorked
267,train,No,Research & Development,Research Scientist,Yes,3564,37,8,1,0.225,8,0.4945,OverTime
269,train,No,Research & Development,Laboratory Technician,No,4425,35,6,2,0.3417,9,0.3689,Age
270,train,No,Research & Development,Manufacturing Director,No,5265,42,5,3,0.0017,1,0.305,Age
271,train,No,Research & Development,Manufacturing Director,No,6553,38,1,3,0.0196,3,0.3541,Age
273,train,No,Research & Development,Manufacturing Director,No,6261,38,7,4,0.0393,4,0.3542,MonthlyIncome
274,train,No,Research & Development,Manufacturing Director,No,4298,27,2,1,0.5801,10,0.4038,StockOptionLevel
275,train,No,Research & Development,Manufacturing Director,Yes,6804,49,7,4,0.0054,2,0.3296,StockOptionLevel
277,test,No,Research & Development,Research Scientist,Yes,3815,34,5,3,0.0593,5,0.5447,OverTime
281,train,No,Research & Development,Laboratory Technician,Yes,2741,40,7,4,0.2693,8,0.3708,JobLevel
282,train,Yes,Research & Development,Healthcare Representative,Yes,6673,38,1,1,0.5421,10,0.5841,OverTime
283,train,Yes,Sales,Sales Executive,No,7639,29,10,4,0.0326,4,0.4551,DistanceFromHome
284,train,No,Research & Development,Research Scientist,Yes,2328,22,4,2,0.1863,8,0.581,MonthlyIncome
286,train,No,Research & Development,Laboratory Technician,No,2153,36,8,4,0.2826,9,0.3922,Age
287,train,No,Research & Development,Healthcare Representative,No,4876,40,3,4,0.0171,3,0.3407,MonthlyIncome
288,train,No,Research & Development,Healthcare Representative,No,9396,46,4,1,0.0071,2,0.3702,OverTime
291,train,Yes,Sales,Sales Executive,No,10400,32,14,4,0.0885,6,0.4987,StockOptionLevel
292,train,No,Research & Development,Manufacturing Director,No,8474,30,11,3,0.0137,3,0.4131,StockOptionLevel
293,train,No,Sales,Sales Executive,No,9981,27,7,3,0.0357,4,0.4591,StockOptionLevel
296,train,No,Research & Development,Research Director,No,12490,51,10,2,0.0118,2,0.3839,MonthlyIncome
297,test,Yes,Research & Development,Research Scientist,Yes,2657,30,5,1,0.3471,9,0.6262,OverTime
298,train,No,Sales,Manager,Yes,13591,41,1,4,0.0168,3,0.4528,Age
299,train,Yes,Sales,Sales Executive,No,6696,30,6,1,0.7944,10,0.6003,Age
300,train,Yes,Research & Development,Research Scientist,No,2058,29,6,3,0.0972,6,0.551,MonthlyIncome
302,test,No,Sales,Sales Executive,No,8865,45,19,4,0.0385,4,0.4077,Age
303,train,No,Sales,Sales Executive,No,5940,54,6,1,0.0055,2,0.3557,StockOptionLevel
304,train,No,Research & Development,Laboratory Technician,No,5914,36,13,2,0.0484,5,0.3826,Age
305,test,No,Research & Development,Research Scientist,No,2622,33,3,2,0.0658,5,0.5067,OverTime
306,train,No,Research & Development,Research Director,Yes,12185,37,10,4,0.0113,2,0.349,MonthlyIncome
307,train,No,Sales,Sales Executive,No,10609,38,16,3,0.0071,2,0.3334,OverTime
308,train,No,Research & Development,Manufacturing Director,No,4345,31,5,3,0.0047,1,0.3112,StockOptionLevel
309,train,No,Research & Development,Research Scientist,No,2177,59,1,4,0.0111,2,0.4017,Age
311,test,No,Sales,Sales Representative,No,2793,37,9,4,0.2149,8,0.3645,Age
312,train,No,Sales,Sales Executive,No,7918,29,11,4,0.0205,3,0.3525,StockOptionLevel
314,train,No,Sales,Sales Executive,No,8789,35,10,3,0.0378,4,0.3831,Age
315,train,Yes,Research & Development,Research Scientist,Yes,2389,29,4,4,0.4281,9,0.6741,MonthlyIncome
316,train,No,Research & Development,Laboratory Technician,No,3212,52,2,4,0.2412,8,0.3978,Age
319,train,No,Research & Development,Manager,No,19232,42,22,4,0.0077,2,0.3325,Age
321,test,No,Human Resources,Human Resources,No,2267,59,2,3,0.1383,7,0.4884,MonthlyIncome
323,train,No,Sales,Manager,No,19517,50,7,4,0.0002,1,0.3229,MonthlyIncome
325,train,Yes,Research & Development,Laboratory Technician,Yes,2436,33,5,4,0.4431,9,0.6915,MonthlyIncome
327,test,No,Sales,Manager,Yes,16064,43,17,4,0.0039,1,0.3596,OverTime
328,train,Yes,Research & Development,Laboratory Technician,No,2707,33,9,1,0.1585,7,0.5392,OverTime
329,test,No,Sales,Manager,Yes,19068,52,33,3,0.0942,6,0.5334,OverTime
330,train,No,Sales,Sales Representative,No,3931,32,4,2,0.0692,6,0.3669,StockOptionLevel
331,train,Yes,Research & Development,Laboratory Technician,Yes,3730,32,3,3,0.6342,10,0.6126,JobLevel
332,train,No,Research & Development,Laboratory Technician,No,2232,39,3,3,0.0315,4,0.3592,OverTime
333,train,No,Sales,Sales Executive,No,4465,32,3,4,0.0557,5,0.4586,StockOptionLevel
334,train,No,Research & Development,Research Scientist,No,3072,41,1,1,0.0582,5,0.3964,YearsWithCurrManager
335,train,No,Research & Development,Research Scientist,No,3319,40,9,4,0.0585,5,0.3428,StockOptionLevel
336,test,No,Research & Development,Manager,No,19202,45,24,4,0.0017,1,0.3164,MonthlyIncome
337,train,No,Research & Development,Research Director,No,13675,31,2,3,0.0949,6,0.4056,StockOptionLevel
338,train,No,Research & Development,Research Scientist,No,2911,33,2,4,0.0225,3,0.3783,OverTime
339,train,No,Research & Development,Manufacturing Director,No,5957,34,11,1,0.0292,4,0.3065,MonthlyIncome
340,train,No,Research & Development,Research Scientist,No,3920,37,3,1,0.0361,4,0.3234,Age
341,train,No,Research & Development,Manufacturing Director,No,6434,45,3,3,0.0277,4,0.3584,StockOptionLevel
342,train,Yes,Research & Development,Manufacturing Director,No,10048,37,1,3,0.0478,5,0.4879,YearsWithCurrManager
343,train,No,Research & Development,Healthcare Representative,No,10938,39,19,3,0.1204,7,0.3891,Age
346,train,No,Research & Development,Research Scientist,No,2340,29,6,4,0.0506,5,0.4601,OverTime
347,train,No,Research & Development,Research Scientist,Yes,6545,42,3,1,0.1918,8,0.4478,OverTime
349,train,No,Sales,Sales Executive,No,6931,29,3,4,0.02,3,0.4053,StockOptionLevel
350,train,No,Research & Development,Manufacturing Director,No,4898,25,4,3,0.0104,2,0.3345,StockOptionLevel
351,test,No,Research & Development,Laboratory Technician,Yes,2593,42,9,1,0.1497,7,0.467,OverTime
352,train,No,Research & Development,Research Director,No,19436,40,21,3,0.0014,1,0.3239,StockOptionLevel
353,train,No,Research & Development,Research Scientist,No,2723,51,1,4,0.0378,4,0.3793,Age
355,train,Yes,Research & Development,Laboratory Technician,No,3479,31,5,2,0.4877,10,0.5682,Age
359,train,No,Research & Development,Laboratory Technician,No,2794,32,5,2,0.3429,9,0.496,StockOptionLevel
361,test,No,Sales,Sales Executive,No,5249,38,8,4,0.0115,2,0.3148,StockOptionLevel
362,test,No,Research & Development,Laboratory Technician,No,2176,32,6,1,0.4091,9,0.4739,StockOptionLevel
363,train,No,Sales,Manager,Yes,16872,46,7,2,0.1562,7,0.3858,MonthlyIncome
364,train,Yes,Research & Development,Laboratory Technician,No,3485,28,0,3,0.4373,9,0.6257,Age
366,train,No,Sales,Sales Executive,No,6644,29,0,2,0.1153,7,0.3644,StockOptionLevel
367,train,No,Research & Development,Healthcare Representative,No,5582,31,9,4,0.0641,5,0.3634,StockOptionLevel
369,train,No,Research & Development,Healthcare Representative,No,4000,25,6,1,0.0054,2,0.3055,StockOptionLevel
372,train,No,Research & Development,Healthcare Representative,Yes,13496,45,20,4,0.0245,3,0.3883,OverTime
373,train,No,Research & Development,Laboratory Technician,No,3210,36,15,4,0.0054,2,0.3108,Age
374,train,No,Research & Development,Manager,Yes,19045,55,36,1,0.0238,3,0.4422,OverTime
376,train,Yes,Research & Development,Manager,Yes,11849,47,10,2,0.3253,9,0.4852,OverTime
377,train,No,Research & Development,Research Scientist,No,2070,28,5,4,0.0064,2,0.4188,MonthlyIncome
378,train,No,Sales,Sales Executive,No,6502,37,5,4,0.0094,2,0.3089,StockOptionLevel
379,train,No,Research & Development,Research Scientist,No,3230,21,3,3,0.0496,5,0.5119,Age
380,train,No,Research & Development,Research Director,Yes,13603,37,5,4,0.0062,2,0.3212,MonthlyIncome
381,train,No,Research & Development,Manager,No,11996,35,7,2,0.1054,6,0.388,OverTime
382,train,No,Sales,Sales Executive,Yes,5605,38,8,1,0.4052,9,0.3951,StockOptionLevel
384,test,No,Research & Development,Manufacturing Director,No,6397,26,6,2,0.0324,4,0.3449,StockOptionLevel
385,train,No,Research & Development,Research Director,No,19144,50,10,2,0.0056,2,0.3413,MonthlyIncome
386,train,No,Research & Development,Research Director,Yes,17584,53,5,3,0.0037,1,0.3772,MonthlyIncome
387,train,No,Sales,Sales Executive,No,4907,42,20,3,0.0271,4,0.3674,Age
388,test,No,Sales,Sales Executive,No,4554,29,10,4,0.1096,7,0.4811,StockOptionLevel
389,train,No,Research & Development,Laboratory Technician,Yes,5415,55,10,4,0.158,7,0.3749,MonthlyIncome
390,train,No,Research & Development,Healthcare Representative,Yes,4741,26,5,1,0.6377,10,0.3956,StockOptionLevel
391,train,No,Research & Development,Research Scientist,No,2115,37,17,4,0.0035,1,0.3895,Age
392,test,Yes,Research & Development,Laboratory Technician,Yes,3161,44,1,3,0.5368,10,0.4954,Age
393,train,No,Research & Development,Healthcare Representative,No,5745,38,2,4,0.0285,4,0.3031,Age
394,train,Yes,Research & Development,Laboratory Technician,Yes,2373,26,3,2,0.5292,10,0.6486,OverTime
395,train,No,Research & Development,Research Scientist,No,3310,28,5,4,0.0095,2,0.4867,Age
396,test,No,Research & Development,Research Director,Yes,18665,49,3,1,0.2904,9,0.4478,Age
397,train,No,Research & Development,Research Scientist,No,4485,36,8,2,0.3948,9,0.3509,Age
399,train,No,Sales,Sales Representative,No,2789,31,2,2,0.2164,8,0.4595,JobLevel
401,train,Yes,Sales,Sales Executive,Yes,5828,26,8,4,0.6377,10,0.5482,StockOptionLevel
403,train,No,Research & Development,Research Scientist,Yes,2326,37,4,4,0.1853,8,0.5187,OverTime
404,train,No,Sales,Sales Executive,No,13525,42,20,2,0.1372,7,0.3579,Age
405,train,Yes,Research & Development,Laboratory Technician,No,1420,18,0,3,0.2851,9,0.6379,MonthlyIncome
406,train,No,Sales,Sales Executive,No,8020,35,11,2,0.0471,5,0.3647,OverTime
407,test,No,Research & Development,Laboratory Technician,No,3688,36,1,4,0.0859,6,0.3872,Age
408,train,No,Research & Development,Manufacturing Director,No,5482,51,4,2,0.0122,2,0.3536,StockOptionLevel
410,train,No,Sales,Manager,No,16015,41,22,2,0.0041,1,0.3684,Age
411,train,No,Sales,Sales Representative,No,1200,18,0,3,0.3904,9,0.6454,MonthlyIncome
412,train,No,Research & Development,Healthcare Representative,No,5661,28,8,1,0.0291,4,0.4825,StockOptionLevel
416,train,No,Sales,Sales Executive,No,6929,31,8,4,0.1436,7,0.3462,StockOptionLevel
417,test,No,Research & Development,Healthcare Representative,No,9613,39,18,4,0.0005,1,0.3332,Age
419,train,No,Research & Development,Laboratory Technician,No,5674,36,9,2,0.0357,4,0.3449,OverTime
420,train,No,Sales,Sales Executive,No,5484,32,13,3,0.0232,3,0.3025,StockOptionLevel
421,test,No,Research & Development,Research Director,No,12061,38,10,2,0.0234,3,0.3667,OverTime
422,train,No,Research & Development,Healthcare Representative,Yes,5660,58,5,3,0.0126,2,0.3573,MonthlyIncome
423,train,No,Research & Development,Research Scientist,Yes,4821,31,5,4,0.0666,5,0.4324,MonthlyIncome
424,train,No,Human Resources,Human Resources,No,6410,31,2,1,0.5736,10,0.4856,Age
425,train,No,Research & Development,Laboratory Technician,No,5210,45,24,1,0.341,9,0.3642,StockOptionLevel
426,train,No,Research & Development,Research Scientist,Yes,2695,31,2,4,0.1844,8,0.5351,JobLevel
428,train,No,Research & Development,Manager,No,11878,33,10,2,0.0944,6,0.3645,StockOptionLevel
429,train,No,Research & Development,Manager,Yes,17068,39,21,1,0.2306,8,0.4277,OverTime
430,train,No,Research & Development,Laboratory Technician,No,2455,43,8,4,0.0332,4,0.416,Age
431,train,No,Research & Development,Healthcare Representative,Yes,13964,49,7,3,0.1368,7,0.454,OverTime
433,train,Yes,Research & Development,Research Scientist,No,4941,52,8,2,0.1338,7,0.4113,StockOptionLevel
434,test,No,Research & Development,Research Scientist,Yes,2478,27,4,2,0.4117,9,0.624,OverTime
436,train,No,Sales,Sales Executive,Yes,5228,32,13,2,0.5368,10,0.5392,StockOptionLevel
437,train,No,Sales,Sales Executive,Yes,4478,27,5,3,0.1939,8,0.5435,OverTime
438,train,No,Sales,Sales Executive,No,7547,31,7,4,0.0033,1,0.3353,StockOptionLevel
439,train,No,Research & Development,Research Scientist,No,5055,32,7,4,0.0445,5,0.4469,StockOptionLevel
440,train,Yes,Research & Development,Research Scientist,Yes,3464,28,3,4,0.5869,10,0.6796,OverTime
441,train,No,Research & Development,Research Scientist,No,5775,30,10,4,0.0017,1,0.3392,StockOptionLevel
442,train,No,Research & Development,Manufacturing Director,No,8943,31,10,3,0.0588,5,0.3358,StockOptionLevel
444,train,No,Research & Development,Manager,No,19272,39,21,4,0.2505,8,0.3145,StockOptionLevel
445,train,Yes,Sales,Sales Executive,Yes,5238,39,1,3,0.1706,8,0.6154,OverTime
446,test,No,Sales,Sales Executive,No,4682,33,7,4,0.3265,9,0.487,StockOptionLevel
447,test,No,Research & Development,Research Director,No,18300,47,3,3,0.0028,1,0.3289,MonthlyIncome
448,train,No,Research & Development,Laboratory Technician,No,5257,43,9,3,0.0484,5,0.2989,Age
449,train,No,Sales,Sales Executive,Yes,6349,27,5,2,0.1366,7,0.3948,StockOptionLevel
450,test,No,Research & Development,Research Scientist,No,4869,54,4,3,0.0171,3,0.3934,Age
451,test,No,Research & Development,Healthcare Representative,No,9985,43,1,1,0.1549,7,0.3537,Age
452,train,No,Research & Development,Research Scientist,No,3697,45,10,4,0.0177,3,0.3267,StockOptionLevel
453,train,No,Sales,Sales Executive,Yes,7457,40,4,4,0.2358,8,0.3933,StockOptionLevel
454,train,Yes,Research & Development,Laboratory Technician,Yes,2119,29,7,1,0.4832,10,0.6885,MonthlyIncome
455,test,No,Research & Development,Laboratory Technician,No,3983,29,3,4,0.1489,7,0.5352,Age
456,train,No,Sales,Sales Executive,No,6118,30,10,3,0.0105,2,0.3232,StockOptionLevel
458,train,No,Sales,Sales Executive,No,6214,27,8,2,0.0343,4,0.341,StockOptionLevel
460,train,No,Research & Development,Manufacturing Director,No,6347,37,6,4,0.0094,2,0.3389,StockOptionLevel
461,test,No,Research & Development,Research Director,Yes,11510,38,11,4,0.0114,2,0.3378,OverTime
462,train,No,Research & Development,Manufacturing Director,Yes,7143,31,11,4,0.0493,5,0.4273,StockOptionLevel
463,train,No,Sales,Sales Executive,Yes,8268,29,7,2,0.1809,8,0.3635,StockOptionLevel
464,train,No,Research & Development,Manufacturing Director,No,8095,35,16,2,0.0058,2,0.3595,Age
465,train,No,Research & Development,Research Scientist,No,2904,23,4,4,0.0357,4,0.3705,OverTime
466,train,No,Research & Development,Manufacturing Director,Yes,6032,41,5,2,0.2358,8,0.4092,Age
467,train,No,Sales,Sales Representative,No,2976,47,0,3,0.5241,10,0.4561,Age
468,test,No,Research & Development,Research Director,No,15992,42,1,4,0.0266,4,0.3422,Age
469,train,No,Sales,Sales Executive,No,4649,29,4,3,0.016,3,0.3226,StockOptionLevel
470,train,No,Human Resources,Human Resources,Yes,2696,42,3,3,0.1705,8,0.4744,Age
471,train,No,Research & Development,Laboratory Technician,No,2370,32,8,2,0.0183,3,0.4021,OverTime
473,train,No,Sales,Manager,No,12504,48,0,3,0.047,5,0.3512,Age
474,test,No,Research & Development,Research Scientist,Yes,5974,37,7,1,0.1085,7,0.3454,StockOptionLevel
475,train,No,Sales,Sales Executive,Yes,4736,30,2,3,0.402,9,0.4716,OverTime
476,train,No,Sales,Sales Executive,No,5296,26,8,3,0.0359,4,0.3168,StockOptionLevel
477,test,No,Research & Development,Healthcare Representative,No,6781,42,1,4,0.0141,3,0.387,Age
478,test,Yes,Sales,Sales Representative,Yes,2174,21,3,2,0.9777,10,0.6951,OverTime
479,train,No,Sales,Sales Executive,No,6653,36,1,4,0.0065,2,0.4213,Age
481,test,No,Sales,Sales Executive,No,9699,36,13,4,0.0578,5,0.3997,OverTime
482,test,No,Research & Development,Healthcare Representative,No,6755,57,3,3,0.002,1,0.3717,OverTime
483,train,No,Research & Development,Laboratory Technician,Yes,2213,40,7,3,0.0247,3,0.5034,OverTime
484,test,No,Sales,Sales Representative,No,2610,21,3,4,0.2686,8,0.5651,Age
485,train,Yes,Sales,Sales Representative,Yes,2851,33,1,3,0.6555,10,0.6864,OverTime
486,train,No,Research & Development,Laboratory Technician,No,3452,37,5,1,0.0506,5,0.3365,Age
487,train,No,Research & Development,Manufacturing Director,No,5258,46,1,3,0.002,1,0.3495,Age
488,train,Yes,Sales,Sales Executive,No,9355,41,8,2,0.3818,9,0.4645,Age
491,test,No,Research & Development,Healthcare Representative,No,10496,50,4,4,0.0248,3,0.3925,Age
492,train,Yes,Sales,Sales Executive,Yes,6380,40,6,3,0.3744,9,0.5539,OverTime
493,train,No,Research & Development,Research Scientist,Yes,2657,31,2,2,0.3202,9,0.5857,JobLevel
494,train,Yes,Sales,Sales Representative,No,2716,21,1,2,0.309,9,0.6037,Age
495,test,No,Research & Development,Research Scientist,No,2201,29,3,4,0.1004,6,0.5135,Age
496,test,No,Research & Development,Healthcare Representative,No,6540,35,1,2,0.1486,7,0.4073,Age
497,train,No,Research & Development,Laboratory Technician,No,3816,27,5,2,0.0328,4,0.3716,StockOptionLevel
498,train,No,Sales,Sales Executive,No,5253,28,7,4,0.0403,4,0.4271,StockOptionLevel
499,test,No,Research & Development,Healthcare Representative,No,10965,49,5,3,0.0313,4,0.3661,Age
500,test,No,Sales,Sales Executive,No,4936,51,7,4,0.0047,1,0.3634,OverTime
501,train,No,Research & Development,Research Scientist,No,2543,36,2,3,0.0138,3,0.33,OverTime
502,train,Yes,Sales,Sales Executive,Yes,5304,34,5,4,0.644,10,0.6281,OverTime
505,test,No,Research & Development,Manager,Yes,16659,55,5,4,0.0108,2,0.4078,Age
507,train,No,Sales,Sales Executive,Yes,4260,24,5,3,0.0596,5,0.3561,StockOptionLevel
508,train,No,Sales,Sales Representative,No,2476,30,1,2,0.4155,9,0.4942,OverTime
510,train,Yes,Research & Development,Research Scientist,No,3102,26,6,1,0.2718,8,0.5562,Age
511,train,No,Research & Development,Research Scientist,No,2244,22,2,2,0.0967,6,0.4477,OverTime
513,train,No,Sales,Sales Executive,No,7596,36,10,3,0.1744,8,0.4126,YearsWithCurrManager
514,train,Yes,Research & Development,Research Scientist,Yes,2285,30,1,4,0.8611,10,0.7218,JobLevel
515,train,No,Research & Development,Laboratory Technician,No,3034,37,18,1,0.0633,5,0.3294,Age
516,train,No,Sales,Sales Executive,No,5715,40,5,2,0.0244,3,0.3415,StockOptionLevel
517,test,No,Research & Development,Laboratory Technician,No,2576,42,5,1,0.0685,6,0.3379,Age
518,train,No,Research & Development,Manufacturing Director,Yes,4197,37,1,2,0.1514,7,0.4234,Age
520,train,No,Research & Development,Research Director,No,14336,43,25,2,0.0082,2,0.3211,MonthlyIncome
521,train,No,Research & Development,Laboratory Technician,No,3448,40,1,3,0.0737,6,0.3704,OverTime
522,train,No,Research & Development,Research Director,No,19406,54,4,1,0.015,3,0.353,MonthlyIncome
523,test,No,Sales,Sales Executive,No,6538,34,3,3,0.0661,5,0.3337,OverTime
524,train,No,Research & Development,Manufacturing Director,No,4306,31,13,1,0.0137,3,0.3438,StockOptionLevel
525,train,No,Research & Development,Laboratory Technician,No,2258,43,3,4,0.2668,8,0.3579,Age
526,train,No,Research & Development,Healthcare Representative,Yes,4522,43,5,3,0.02,3,0.4206,OverTime
527,test,No,Sales,Sales Executive,Yes,4487,25,5,4,0.4019,9,0.5785,StockOptionLevel
529,train,No,Research & Development,Research Scientist,Yes,4449,37,13,3,0.1029,6,0.4102,OverTime
530,train,No,Research & Development,Laboratory Technician,No,2218,31,4,1,0.1713,8,0.4453,MonthlyIncome
531,train,No,Research & Development,Manager,Yes,19197,39,21,3,0.0843,6,0.3799,OverTime
532,test,No,Sales,Sales Executive,No,13212,56,7,1,0.0304,4,0.3936,MonthlyIncome
533,train,No,Sales,Sales Executive,No,6577,30,5,3,0.15,7,0.4829,StockOptionLevel
534,train,No,Sales,Sales Executive,No,8392,41,10,1,0.0247,3,0.3528,OverTime
536,train,No,Research & Development,Laboratory Technician,No,4558,28,10,1,0.0922,6,0.3192,StockOptionLevel
538,train,Yes,Research & Development,Laboratory Technician,No,4031,25,2,1,0.2184,8,0.4946,NumCompaniesWorked
543,train,No,Research & Development,Manufacturing Director,Yes,7969,52,5,3,0.0054,2,0.3894,Age
544,train,No,Research & Development,Research Scientist,No,2654,45,2,4,0.0226,3,0.3991,Age
546,train,No,Research & Development,Manager,No,16555,52,5,4,0.0017,1,0.3707,MonthlyIncome
547,test,No,Research & Development,Research Scientist,No,4556,42,5,3,0.0461,5,0.3535,Age
548,test,No,Research & Development,Manufacturing Director,No,6091,30,5,4,0.0281,4,0.4711,StockOptionLevel
549,test,No,Research & Development,Manager,No,19566,60,29,1,0.1415,7,0.3815,MonthlyIncome
550,test,No,Research & Development,Manufacturing Director,No,4810,46,10,3,0.0009,1,0.3353,MonthlyIncome
551,train,No,Research & Development,Healthcare Representative,No,4523,42,6,4,0.0044,1,0.3568,Age
554,train,Yes,Sales,Sales Representative,Yes,3202,24,5,2,0.8437,10,0.6448,OverTime
555,train,Yes,Sales,Sales Representative,No,2351,34,2,3,0.3597,9,0.585,MonthlyIncome
556,train,No,Research & Development,Laboratory Technician,Yes,1702,38,1,4,0.2467,8,0.534,Age
558,train,No,Sales,Manager,No,18041,40,20,3,0.0002,1,0.3536,Age
560,train,No,Research & Development,Research Scientist,No,2886,26,3,4,0.0685,6,0.4319,StockOptionLevel
562,test,No,Research & Development,Laboratory Technician,No,2097,30,5,4,0.0332,4,0.4753,MonthlyIncome
564,train,No,Research & Development,Research Director,No,11935,29,10,3,0.0111,2,0.4349,StockOptionLevel
565,test,Yes,Research & Development,Research Scientist,No,2546,29,2,2,0.2825,9,0.5175,Age
566,test,Yes,Human Resources,Human Resources,No,2564,19,1,4,0.4056,9,0.6185,Age
567,test,No,Sales,Sales Executive,No,8412,30,9,1,0.016,3,0.4747,Age
568,test,No,Sales,Manager,No,14118,57,1,4,0.0157,3,0.3413,Age
569,train,No,Research & Development,Manager,No,17046,50,27,3,0.1469,7,0.3391,MonthlyIncome
571,train,No,Research & Development,Laboratory Technician,No,2564,30,11,4,0.0208,3,0.4735,Age
573,train,No,Sales,Sales Executive,No,10266,60,18,1,0.1321,7,0.4405,OverTime
574,test,No,Research & Development,Manufacturing Director,No,5070,47,5,4,0.0023,1,0.4114,NumCompaniesWorked
575,train,No,Research & Development,Research Director,No,17861,46,3,3,0.0231,3,0.3638,Age
577,train,No,Research & Development,Laboratory Technician,No,4230,35,5,3,0.3719,9,0.3877,Age
578,train,No,Research & Development,Laboratory Technician,No,3780,54,1,3,0.0775,6,0.3343,Age
579,train,No,Research & Development,Research Scientist,No,2768,34,7,3,0.0108,2,0.3139,OverTime
580,train,No,Sales,Sales Executive,Yes,9071,46,3,4,0.0882,6,0.3838,StockOptionLevel
581,train,No,Research & Development,Manufacturing Director,No,10648,31,13,2,0.0011,1,0.3147,StockOptionLevel
582,train,Yes,Research & Development,Manager,Yes,13610,33,7,3,0.2749,8,0.5745,OverTime
584,train,Yes,Research & Development,Laboratory Technician,No,3408,33,4,4,0.367,9,0.5389,NumCompaniesWorked
585,train,No,Sales,Sales Representative,No,2983,30,3,2,0.3449,9,0.5063,Age
586,train,No,Research & Development,Healthcare Representative,Yes,7632,35,8,3,0.0851,6,0.4951,OverTime
587,test,Yes,Research & Development,Healthcare Representative,No,9824,31,1,3,0.2594,8,0.5599,Age
590,train,Yes,Human Resources,Human Resources,Yes,9950,34,3,1,0.8827,10,0.5397,OverTime
591,train,No,Research & Development,Laboratory Technician,No,2093,42,2,3,0.086,6,0.3895,Age
592,train,No,Sales,Sales Executive,No,9980,36,10,4,0.0937,6,0.3967,Age
593,train,Yes,Research & Development,Laboratory Technician,No,3894,22,2,3,0.7872,10,0.6393,Age
595,train,No,Sales,Sales Executive,No,4051,48,9,4,0.0253,4,0.3501,StockOptionLevel
597,train,No,Sales,Manager,No,16835,55,10,2,0.0046,1,0.4002,OverTime
599,train,No,Sales,Sales Executive,No,6230,41,14,4,0.0111,2,0.3697,Age
600,train,No,Sales,Sales Executive,No,4717,35,11,3,0.1612,7,0.3596,Age
601,train,No,Research & Development,Manufacturing Director,No,13237,40,20,3,0.0332,4,0.3457,Age
602,train,No,Research & Development,Laboratory Technician,No,3755,39,8,3,0.0598,5,0.3366,Age
604,test,No,Sales,Sales Executive,Yes,6582,31,6,4,0.1667,8,0.5581,StockOptionLevel
605,test,No,Research & Development,Manufacturing Director,Yes,7406,42,10,1,0.0679,6,0.3793,Age
606,test,No,Sales,Sales Executive,No,4805,45,8,2,0.0027,1,0.3384,StockOptionLevel
608,test,Yes,Human Resources,Human Resources,Yes,2741,26,7,3,0.4786,10,0.5929,OverTime
611,train,No,Research & Development,Manufacturing Director,No,4262,29,3,4,0.0207,3,0.3449,StockOptionLevel
612,train,No,Research & Development,Research Director,No,16184,33,6,3,0.0045,1,0.3046,StockOptionLevel
613,train,No,Sales,Manager,No,11557,31,5,4,0.04,4,0.3753,StockOptionLevel
614,train,Yes,Sales,Sales Representative,Yes,1878,18,0,2,0.9455,10,0.7106,OverTime
615,train,No,Sales,Sales Executive,No,10932,40,1,1,0.0412,4,0.3677,StockOptionLevel
616,train,No,Research & Development,Healthcare Representative,Yes,6811,41,8,3,0.0313,4,0.49,OverTime
618,test,No,Sales,Sales Executive,No,4306,26,0,3,0.2079,8,0.4944,StockOptionLevel
620,train,No,Sales,Sales Executive,No,4859,35,5,3,0.047,5,0.3678,OverTime
621,train,No,Sales,Sales Executive,No,5337,34,10,4,0.0176,3,0.3671,OverTime
622,train,Yes,Research & Development,Laboratory Technician,Yes,2340,26,1,4,0.9813,10,0.7369,MonthlyIncome
623,train,No,Research & Development,Manufacturing Director,No,7491,37,6,4,0.0188,3,0.3631,Age
624,train,No,Research & Development,Healthcare Representative,No,10527,46,2,3,0.0298,4,0.4343,Age
625,train,No,Sales,Manager,No,16595,41,18,1,0.0214,3,0.3534,OverTime
626,test,No,Sales,Sales Executive,No,8834,37,9,2,0.0232,3,0.3511,OverTime
630,test,No,Research & Development,Research Scientist,Yes,5577,52,10,1,0.0754,6,0.3577,MonthlyIncome
631,train,Yes,Sales,Sales Executive,No,4707,32,4,3,0.0137,3,0.5287,StockOptionLevel
632,train,No,Sales,Sales Representative,No,2400,24,2,4,0.1281,7,0.4778,OverTime
634,train,No,Research & Development,Healthcare Representative,No,9824,38,1,3,0.0026,1,0.3614,OverTime
635,test,No,Research & Development,Manufacturing Director,No,6447,37,6,2,0.089,6,0.3658,Age
638,test,No,Research & Development,Research Director,Yes,19502,49,31,3,0.0032,1,0.365,MonthlyIncome
639,test,No,Research & Development,Research Scientist,Yes,2725,24,6,4,0.0631,5,0.5452,OverTime
641,train,No,Sales,Sales Executive,No,6272,26,5,2,0.0863,6,0.3833,StockOptionLevel
643,train,No,Research & Development,Laboratory Technician,No,2127,24,1,2,0.1215,7,0.5247,MonthlyIncome
644,train,No,Human Resources,Manager,No,18200,50,32,2,0.0,1,0.3874,MonthlyIncome
645,train,No,Sales,Sales Representative,No,2096,25,7,3,0.1405,7,0.472,OverTime
647,train,Yes,Research & Development,Laboratory Technician,Yes,2886,24,6,3,0.4788,10,0.6034,OverTime
648,test,Yes,Sales,Sales Representative,No,2033,30,1,1,0.6067,10,0.5466,OverTime
649,train,No,Research & Development,Research Scientist,Yes,3622,34,6,4,0.0809,6,0.5004,OverTime
650,train,Yes,Sales,Sales Executive,No,4233,31,3,1,0.2884,9,0.5642,StockOptionLevel
652,train,No,Research & Development,Laboratory Technician,No,3681,35,3,4,0.3222,9,0.3759,Age
653,train,No,Sales,Sales Executive,No,5460,31,7,4,0.0048,2,0.3013,StockOptionLevel
655,train,No,Research & Development,Research Scientist,No,2187,27,5,3,0.0185,3,0.4411,MonthlyIncome
656,train,No,Sales,Sales Executive,Yes,9602,37,3,3,0.1927,8,0.4938,OverTime
657,train,No,Research & Development,Research Scientist,No,2836,20,1,2,0.0685,6,0.5588,Age
659,train,No,Research & Development,Healthcare Representative,No,4089,42,10,4,0.003,1,0.2917,Age
661,train,No,Research & Development,Research Director,Yes,16627,43,1,4,0.0281,4,0.3018,Age
662,test,No,Research & Development,Research Scientist,No,2619,38,0,1,0.0954,6,0.5196,Age
663,train,No,Research & Development,Laboratory Technician,Yes,5679,43,8,3,0.2012,8,0.3425,MonthlyIncome
664,test,No,Research & Development,Manager,No,15402,48,3,1,0.0655,5,0.3263,MonthlyIncome
665,train,No,Human Resources,Human Resources,No,5985,44,2,3,0.1205,7,0.3675,Age
666,train,No,Sales,Sales Representative,Yes,2579,34,8,3,0.2186,8,0.5613,OverTime
667,train,Yes,Sales,Sales Representative,No,3041,27,4,1,0.1477,7,0.3999,OverTime
669,train,No,Sales,Sales Representative,No,3447,21,3,3,0.6287,10,0.524,Age
671,train,No,Research & Development,Manager,Yes,19513,44,2,4,0.0067,2,0.3329,MonthlyIncome
675,test,No,Research & Development,Research Scientist,No,2773,22,2,3,0.0575,5,0.4846,Age
677,test,No,Sales,Sales Executive,No,7104,33,5,3,0.042,4,0.4551,StockOptionLevel
679,train,No,Research & Development,Research Scientist,Yes,6322,32,6,4,0.0992,6,0.3892,StockOptionLevel
680,test,No,Research & Development,Research Scientist,No,2083,30,1,3,0.0403,4,0.5148,MonthlyIncome
682,train,No,Sales,Sales Executive,No,8381,53,14,1,0.0416,4,0.4214,OverTime
683,train,No,Research & Development,Research Scientist,No,2691,34,10,4,0.0102,2,0.3326,OverTime
684,train,Yes,Sales,Sales Executive,No,4286,45,1,1,0.2079,8,0.4336,OverTime
686,train,No,Research & Development,Laboratory Technician,Yes,2659,26,3,4,0.1483,7,0.5678,OverTime
689,test,No,Research & Development,Manufacturing Director,No,9434,37,10,3,0.0066,2,0.3333,Age
690,train,No,Sales,Sales Executive,No,5561,29,6,3,0.0614,5,0.332,StockOptionLevel
691,train,No,Research & Development,Research Scientist,No,6646,35,17,4,0.1384,7,0.3528,Age
692,train,No,Research & Development,Healthcare Representative,No,7725,33,13,4,0.0188,3,0.3527,StockOptionLevel
698,train,No,Human Resources,Human Resources,No,10725,54,9,2,0.0407,4,0.3771,OverTime
699,train,No,Research & Development,Manufacturing Director,Yes,8847,36,3,2,0.1157,7,0.3917,OverTime
700,test,No,Research & Development,Research Scientist,No,2045,27,4,4,0.1156,7,0.5383,Age
701,test,Yes,Research & Development,Research Scientist,Yes,1009,20,1,3,0.2055,8,0.6354,MonthlyIncome
702,train,Yes,Research & Development,Research Scientist,Yes,3348,33,10,1,0.8482,10,0.568,OverTime
704,train,No,Research & Development,Laboratory Technician,No,1281,35,1,3,0.0344,4,0.4252,OverTime
705,train,No,Research & Development,Research Scientist,No,2819,23,3,1,0.0453,5,0.401,StockOptionLevel
707,train,No,Sales,Sales Executive,No,4851,25,3,2,0.0156,3,0.3276,StockOptionLevel
709,train,No,Sales,Sales Executive,No,4028,38,7,4,0.0295,4,0.3863,Age
710,test,No,Research & Development,Research Scientist,No,2720,29,10,4,0.0171,3,0.3564,StockOptionLevel
712,train,No,Sales,Sales Executive,No,8120,48,2,2,0.0402,4,0.4095,OverTime
714,train,No,Sales,Sales Executive,Yes,4647,27,6,4,0.0259,4,0.3268,StockOptionLevel
715,train,No,Research & Development,Research Scientist,No,4680,37,1,4,0.0313,4,0.4384,Age
716,train,No,Research & Development,Laboratory Technician,Yes,3221,50,20,3,0.0207,3,0.4431,OverTime
717,train,No,Research & Development,Healthcare Representative,No,8621,34,8,2,0.0236,3,0.3925,Age
720,train,Yes,Sales,Sales Executive,No,4577,24,2,3,0.6771,10,0.5761,Age
721,train,No,Research & Development,Healthcare Representative,No,4553,39,20,3,0.0621,5,0.338,Age
722,test,No,Sales,Sales Executive,No,5396,32,10,4,0.0248,3,0.4644,StockOptionLevel
723,train,Yes,Sales,Sales Executive,Yes,6796,50,4,3,0.4105,9,0.4769,OverTime
724,test,No,Research & Development,Healthcare Representative,No,7625,38,9,4,0.0025,1,0.3374,Age
725,train,No,Research & Development,Manufacturing Director,No,7412,27,9,1,0.0067,2,0.4142,Age
727,train,No,Research & Development,Research Director,No,11159,32,7,4,0.0052,2,0.4158,StockOptionLevel
728,test,No,Sales,Sales Executive,No,4960,47,7,1,0.0235,3,0.4243,OverTime
729,train,No,Sales,Sales Executive,Yes,10475,40,18,1,0.1489,7,0.4517,OverTime
730,test,No,Research & Development,Research Director,No,14814,53,5,3,0.0007,1,0.3411,Age
731,train,No,Human Resources,Manager,No,19141,41,21,4,0.0,1,0.3296,MonthlyIncome
732,train,No,Sales,Sales Executive,No,5405,60,2,1,0.6003,10,0.4202,OverTime
733,train,No,Research & Development,Manufacturing Director,No,8793,27,9,1,0.0222,3,0.3311,StockOptionLevel
734,train,No,Human Resources,Manager,No,19189,41,22,3,0.0,1,0.2992,MonthlyIncome
738,train,No,Sales,Sales Representative,No,3875,50,2,2,0.2232,8,0.372,OverTime
741,test,Yes,Research & Development,Research Scientist,Yes,2216,28,7,2,0.6527,10,0.6951,OverTime
742,train,No,Research & Development,Research Director,No,11713,36,8,1,0.0196,3,0.4002,OverTime
743,train,No,Research & Development,Manufacturing Director,Yes,7861,38,1,3,0.059,5,0.4281,OverTime
744,train,No,Research & Development,Laboratory Technician,No,3708,44,5,3,0.2117,8,0.3965,Age
746,train,No,Sales,Sales Executive,Yes,13770,47,22,3,0.42,9,0.4135,MonthlyIncome
747,test,No,Sales,Sales Executive,No,5304,30,8,4,0.2187,8,0.4256,StockOptionLevel
749,train,No,Sales,Sales Representative,No,2642,29,1,3,0.151,7,0.5515,Age
752,train,Yes,Research & Development,Research Scientist,Yes,2759,42,2,3,0.2956,9,0.5651,OverTime
754,train,No,Sales,Sales Executive,No,6804,43,2,4,0.053,5,0.3767,Age
757,test,No,Research & Development,Healthcare Representative,No,6142,34,5,3,0.051,5,0.3427,Age
758,train,No,Research & Development,Laboratory Technician,No,2500,23,4,1,0.1037,6,0.4246,OverTime
760,test,No,Human Resources,Human Resources,No,6389,39,8,2,0.2446,8,0.3532,MonthlyIncome
762,test,No,Research & Development,Healthcare Representative,No,11103,56,10,4,0.0068,2,0.3842,Age
763,train,No,Research & Development,Research Scientist,Yes,2342,40,4,4,0.1157,7,0.5244,Age
764,test,No,Research & Development,Healthcare Representative,No,6811,27,7,1,0.2413,8,0.4643,StockOptionLevel
766,train,No,Sales,Sales Representative,No,2297,29,2,2,0.1041,6,0.4243,OverTime
769,train,No,Research & Development,Laboratory Technician,No,2450,53,2,4,0.0112,2,0.377,Age
771,train,No,Research & Development,Healthcare Representative,No,5093,35,1,1,0.0017,1,0.3692,YearsWithCurrManager
772,train,No,Research & Development,Laboratory Technician,No,5309,32,10,4,0.139,7,0.3849,StockOptionLevel
773,train,No,Research & Development,Research Scientist,Yes,3057,38,1,3,0.3703,9,0.4935,OverTime
775,train,No,Research & Development,Manufacturing Director,No,5121,34,0,1,0.0333,4,0.3792,YearsWithCurrManager
776,test,No,Sales,Manager,No,16856,52,34,1,0.0028,1,0.3846,Age
780,test,Yes,Research & Development,Research Scientist,Yes,2686,33,10,4,0.0632,5,0.5641,OverTime
781,train,No,Sales,Sales Executive,No,6180,25,6,4,0.0753,6,0.4558,StockOptionLevel
783,train,No,Sales,Sales Representative,No,6632,45,8,3,0.6307,10,0.3789,Age
784,train,No,Research & Development,Research Scientist,No,3505,23,2,3,0.0673,6,0.5393,Age
785,test,Yes,Sales,Sales Executive,Yes,6397,47,5,3,0.5394,10,0.5857,OverTime
786,train,No,Sales,Sales Executive,No,6274,34,6,4,0.007,2,0.3937,StockOptionLevel
787,train,Yes,Research & Development,Manager,Yes,19859,55,5,1,0.0368,4,0.4253,OverTime
789,train,No,Sales,Sales Executive,No,7587,36,10,1,0.1001,6,0.4096,OverTime
791,train,No,Research & Development,Research Scientist,No,4258,52,4,4,0.0024,1,0.3462,Age
792,test,No,Research & Development,Laboratory Technician,No,4364,26,2,4,0.5862,10,0.509,JobLevel
793,train,No,Research & Development,Healthcare Representative,No,4335,29,8,3,0.0632,5,0.3842,StockOptionLevel
796,train,Yes,Sales,Sales Executive,No,5326,26,4,1,0.7483,10,0.5599,StockOptionLevel
797,train,No,Research & Development,Research Scientist,No,3280,34,4,4,0.0125,2,0.3644,Age
799,train,No,Research & Development,Manufacturing Director,Yes,5485,54,5,1,0.0937,6,0.3545,MonthlyIncome
800,train,No,Sales,Sales Executive,No,4342,27,4,4,0.1154,7,0.3328,StockOptionLevel
802,train,No,Research & Development,Research Scientist,Yes,2782,37,5,1,0.1559,7,0.4565,OverTime
803,train,No,Research & Development,Manufacturing Director,Yes,5980,38,15,1,0.3339,9,0.4675,OverTime
804,train,No,Research & Development,Research Scientist,No,4381,34,6,1,0.0549,5,0.3704,Age
805,train,No,Sales,Sales Representative,No,2572,35,3,4,0.1794,8,0.3957,Age
806,train,No,Research & Development,Laboratory Technician,No,3833,30,2,3,0.0714,6,0.3881,StockOptionLevel
807,train,No,Research & Development,Healthcare Representative,No,4244,40,8,2,0.0051,2,0.3242,StockOptionLevel
808,train,No,Sales,Sales Executive,No,6500,34,3,1,0.1437,7,0.3353,OverTime
809,train,No,Research & Development,Manager,No,18430,42,24,4,0.159,7,0.3086,MonthlyIncome
811,train,Yes,Research & Development,Laboratory Technician,Yes,1601,23,0,1,0.373,9,0.6978,MonthlyIncome
812,train,No,Research & Development,Laboratory Technician,No,2694,24,1,2,0.0454,5,0.4567,OverTime
813,train,No,Research & Development,Laboratory Technician,No,3149,52,5,3,0.0496,5,0.3254,StockOptionLevel
815,train,No,Research & Development,Research Director,No,17639,50,4,3,0.0008,1,0.37,Age
816,train,Yes,Research & Development,Laboratory Technician,Yes,2319,29,1,1,0.7032,10,0.7054,MonthlyIncome
817,train,No,Research & Development,Research Director,No,11691,33,13,3,0.0013,1,0.4216,StockOptionLevel
819,train,Yes,Sales,Sales Executive,No,5324,33,3,1,0.5883,10,0.5445,StockOptionLevel
820,train,No,Research & Development,Manager,Yes,16752,47,26,4,0.0125,2,0.318,Age
823,test,No,Research & Development,Manufacturing Director,No,5228,36,9,2,0.0025,1,0.3183,StockOptionLevel
824,train,No,Research & Development,Research Scientist,No,2700,29,10,3,0.0048,2,0.3432,OverTime
825,train,Yes,Research & Development,Research Director,Yes,19246,58,31,2,0.0688,6,0.5057,OverTime
826,train,No,Research & Development,Research Scientist,No,2506,35,2,3,0.0182,3,0.4,Age
827,train,No,Research & Development,Manufacturing Director,Yes,6062,42,4,4,0.0459,5,0.354,Age
828,train,Yes,Research & Development,Research Scientist,No,4382,28,2,3,0.1331,7,0.5932,Age
829,train,No,Human Resources,Human Resources,No,2143,36,5,2,0.1471,7,0.3465,OverTime
830,train,No,Research & Development,Manufacturing Director,No,6162,32,14,3,0.0041,1,0.3005,StockOptionLevel
832,train,No,Research & Development,Laboratory Technician,No,5094,40,1,3,0.6076,10,0.4483,Age
833,train,No,Research & Development,Manufacturing Director,Yes,6877,30,0,4,0.2018,8,0.5409,Age
834,train,No,Research & Development,Research Scientist,No,2274,45,1,3,0.0615,5,0.5202,Age
836,train,No,Research & Development,Manufacturing Director,No,4434,42,9,2,0.0445,5,0.3333,Age
837,train,No,Research & Development,Healthcare Representative,No,6288,38,4,1,0.2084,8,0.3407,StockOptionLevel
838,test,No,Research & Development,Research Scientist,No,2553,34,5,4,0.0863,6,0.4412,Age
840,train,Yes,Sales,Sales Executive,No,7654,49,9,4,0.011,2,0.3997,StockOptionLevel
842,train,Yes,Sales,Sales Executive,No,5160,55,9,4,0.0899,6,0.4263,StockOptionLevel
843,train,No,Research & Development,Research Director,No,17159,43,4,1,0.0299,4,0.3434,Age
844,test,No,Research & Development,Research Director,Yes,12808,27,9,4,0.0386,4,0.3159,MonthlyIncome
845,train,No,Research & Development,Manufacturing Director,No,10221,35,8,3,0.0045,1,0.3594,Age
846,train,No,Sales,Sales Executive,Yes,4779,28,8,2,0.5652,10,0.5559,OverTime
847,test,No,Human Resources,Human Resources,No,3737,34,3,4,0.0827,6,0.3937,WorkLifeBalance
848,train,Yes,Research & Development,Research Scientist,Yes,2366,26,8,3,0.155,7,0.6403,MonthlyIncome
850,train,No,Research & Development,Research Scientist,No,1706,27,0,4,0.0026,1,0.4796,MonthlyIncome
851,train,No,Sales,Manager,No,16307,51,20,3,0.005,2,0.3559,MonthlyIncome
852,train,No,Research & Development,Healthcare Representative,No,5933,44,5,2,0.1057,6,0.363,Age
854,train,No,Research & Development,Research Scientist,No,3424,25,4,1,0.4293,9,0.5659,Age
855,test,No,Sales,Sales Executive,No,4037,33,9,1,0.0141,3,0.3256,StockOptionLevel
856,train,No,Research & Development,Research Scientist,No,2559,35,6,1,0.2094,8,0.3947,Age
857,test,No,Sales,Sales Executive,Yes,6201,36,18,4,0.0345,4,0.3987,OverTime
859,train,No,Sales,Sales Executive,No,4403,32,5,4,0.0473,5,0.3412,StockOptionLevel
861,train,No,Research & Development,Research Scientist,No,3761,30,5,4,0.2067,8,0.4201,StockOptionLevel
862,train,No,Sales,Sales Executive,Yes,10934,53,5,4,0.0644,5,0.4941,OverTime
864,train,No,Sales,Sales Executive,Yes,10761,45,5,1,0.1484,7,0.3844,StockOptionLevel
865,train,No,Research & Development,Research Scientist,No,5175,32,5,3,0.0189,3,0.3458,StockOptionLevel
867,train,No,Research & Development,Manufacturing Director,No,13826,52,9,4,0.0044,1,0.3398,Age
868,train,No,Sales,Sales Executive,No,6334,37,1,3,0.0615,5,0.3844,YearsWithCurrManager
869,test,No,Human Resources,Human Resources,No,4936,28,5,4,0.0148,3,0.3516,StockOptionLevel
872,test,No,Research & Development,Manufacturing Director,No,4775,22,2,4,0.1173,7,0.3429,StockOptionLevel
874,train,No,Research & Development,Laboratory Technician,Yes,2818,44,3,4,0.1871,8,0.4507,Age
875,train,No,Research & Development,Research Scientist,Yes,2515,42,2,4,0.4602,9,0.5424,Age
878,train,No,Human Resources,Human Resources,No,2342,36,5,1,0.1261,7,0.3628,Age
879,test,No,Sales,Sales Executive,Yes,4194,25,5,1,0.195,8,0.5399,StockOptionLevel
880,train,No,Research & Development,Manufacturing Director,Yes,10685,35,17,3,0.0099,2,0.351,OverTime
881,train,Yes,Research & Development,Research Scientist,Yes,2022,35,10,2,0.5076,10,0.6493,MonthlyIncome
882,train,No,Research & Development,Laboratory Technician,No,2314,32,3,4,0.0087,2,0.4202,MonthlyIncome
885,train,No,Sales,Sales Executive,No,4256,25,5,1,0.283,9,0.4726,StockOptionLevel
887,train,No,Research & Development,Research Scientist,No,3580,49,4,1,0.0384,4,0.3576,OverTime
888,train,No,Research & Development,Laboratory Technician,No,3162,24,5,4,0.1232,7,0.4839,Age
889,train,No,Sales,Sales Executive,No,6524,32,10,2,0.1272,7,0.3339,StockOptionLevel
893,train,No,Sales,Sales Representative,No,2899,38,2,2,0.2378,8,0.3431,Age
894,train,No,Research & Development,Laboratory Technician,Yes,5231,42,5,4,0.0619,5,0.327,MonthlyIncome
895,train,No,Research & Development,Research Scientist,Yes,2356,31,6,4,0.055,5,0.5901,OverTime
896,train,Yes,Sales,Sales Representative,Yes,2800,29,3,3,0.4219,9,0.6613,OverTime
897,test,No,Sales,Sales Executive,No,11836,53,2,4,0.0309,4,0.4262,NumCompaniesWorked
899,test,No,Research & Development,Manufacturing Director,No,10903,35,13,2,0.0853,6,0.398,Age
900,train,No,Sales,Sales Representative,No,2973,37,5,4,0.147,7,0.3817,Age
901,train,No,Research & Development,Research Director,No,14275,53,12,4,0.002,1,0.3649,Age
902,train,No,Research & Development,Healthcare Representative,No,5562,43,5,4,0.0199,3,0.3102,Age
903,test,No,Sales,Sales Executive,Yes,4537,47,7,4,0.1315,7,0.3716,StockOptionLevel
904,train,No,Sales,Sales Executive,Yes,7642,37,10,2,0.3197,9,0.5993,OverTime
905,test,No,Research & Development,Manager,No,17924,50,31,1,0.0381,4,0.3716,MonthlyIncome
909,train,No,Human Resources,Human Resources,No,5204,39,5,4,0.0125,2,0.3496,Age
910,train,No,Human Resources,Human Resources,Yes,2277,33,4,2,0.1051,6,0.577,MonthlyIncome
911,train,Yes,Research & Development,Laboratory Technician,Yes,2795,32,1,4,0.9185,10,0.6644,JobLevel
912,train,No,Research & Development,Laboratory Technician,No,2532,29,4,4,0.0492,5,0.4688,OverTime
913,train,No,Research & Development,Research Scientist,Yes,2559,44,8,1,0.5245,10,0.6001,OverTime
916,train,No,Sales,Sales Executive,No,4908,28,4,4,0.1121,7,0.454,StockOptionLevel
918,test,Yes,Research & Development,Laboratory Technician,Yes,2380,58,1,4,0.6741,10,0.5609,Age
920,train,No,Research & Development,Manufacturing Director,No,4765,43,1,2,0.036,4,0.3614,Age
922,train,Yes,Sales,Sales Representative,No,2044,20,2,3,0.2577,8,0.645,MonthlyIncome
923,train,Yes,Research & Development,Research Scientist,No,2693,21,1,4,0.0568,5,0.6264,Age
924,train,No,Research & Development,Healthcare Representative,Yes,6586,36,16,4,0.0318,4,0.3579,OverTime
925,train,No,Sales,Sales Representative,Yes,3294,47,3,4,0.4201,9,0.4827,Age
926,train,Yes,Research & Development,Manufacturing Director,Yes,4171,22,3,3,0.0637,5,0.3739,StockOptionLevel
927,train,Yes,Research & Development,Laboratory Technician,Yes,2778,41,7,4,0.4596,9,0.5685,OverTime
930,train,No,Research & Development,Research Scientist,No,2377,28,2,3,0.0323,4,0.4616,OverTime
932,train,Yes,Research & Development,Laboratory Technician,Yes,2404,39,2,1,0.7507,10,0.6426,OverTime
933,train,No,Research & Development,Research Scientist,No,2318,27,1,3,0.0771,6,0.6026,MonthlyIncome
934,train,No,Research & Development,Laboratory Technician,No,2008,34,1,2,0.1643,7,0.4755,OverTime
936,train,No,Sales,Sales Executive,No,6244,42,5,3,0.1074,6,0.3743,Age
939,train,No,Research & Development,Research Scientist,Yes,2799,33,3,1,0.4412,9,0.5976,OverTime
940,train,No,Research & Development,Healthcare Representative,Yes,10552,58,6,2,0.0261,4,0.3798,StockOptionLevel
941,train,No,Sales,Sales Representative,No,2329,31,7,3,0.2273,8,0.4573,OverTime
942,test,No,Research & Development,Healthcare Representative,Yes,4014,35,10,4,0.0274,4,0.375,MonthlyIncome
944,test,No,Research & Development,Laboratory Technician,No,7403,49,26,2,0.0333,4,0.4079,OverTime
945,train,No,Research & Development,Research Scientist,No,2259,48,0,3,0.0188,3,0.3621,Age
947,train,No,Sales,Sales Executive,No,6932,31,9,3,0.0129,3,0.4687,YearsWithCurrManager
949,train,No,Research & Development,Research Scientist,No,4678,36,6,4,0.0138,3,0.3775,Age
950,train,No,Research & Development,Research Director,No,13582,38,15,1,0.0031,1,0.3009,StockOptionLevel
951,train,No,Research & Development,Laboratory Technician,No,2332,32,3,2,0.0949,6,0.4913,OverTime
952,train,Yes,Sales,Sales Representative,Yes,2413,25,1,2,0.8045,10,0.7322,MonthlyIncome
954,test,No,Sales,Sales Executive,No,9705,40,1,2,0.3815,9,0.4393,YearsWithCurrManager
956,train,No,Sales,Sales Executive,No,4294,26,7,1,0.215,8,0.5063,StockOptionLevel
957,train,No,Research & Development,Laboratory Technician,Yes,4721,41,18,1,0.0417,4,0.4609,OverTime
958,test,No,Research & Development,Laboratory Technician,No,2519,36,11,3,0.0172,3,0.378,Age
959,test,Yes,Sales,Sales Representative,Yes,2121,19,1,2,0.7721,10,0.7341,OverTime
960,train,Yes,Research & Development,Laboratory Technician,No,2973,20,1,1,0.8525,10,0.598,Age
961,test,No,Research & Development,Healthcare Representative,Yes,5855,31,9,4,0.0651,5,0.3529,MonthlyIncome
964,test,No,Research & Development,Research Scientist,Yes,3617,40,1,2,0.3912,9,0.5554,OverTime
966,train,No,Research & Development,Manufacturing Director,No,6725,32,8,1,0.0122,2,0.3335,StockOptionLevel
967,train,Yes,Sales,Sales Executive,Yes,10325,36,16,4,0.0751,6,0.4556,OverTime
969,train,No,Research & Development,Healthcare Representative,No,6949,33,5,4,0.036,4,0.4326,StockOptionLevel
970,train,Yes,Sales,Sales Executive,No,10609,37,14,3,0.7682,10,0.4329,Age
972,train,No,Research & Development,Laboratory Technician,No,4447,45,9,2,0.0119,2,0.3668,Age
974,train,No,Sales,Sales Representative,No,2157,29,3,4,0.2243,8,0.4444,OverTime
975,train,No,Sales,Sales Executive,No,4601,35,5,3,0.0484,5,0.4074,OverTime
976,train,No,Research & Development,Manager,No,17099,52,9,4,0.0028,1,0.3133,MonthlyIncome
977,train,Yes,Research & Development,Research Scientist,No,2479,58,1,3,0.0677,6,0.5402,Age
981,train,No,Sales,Manager,No,14852,53,17,3,0.011,2,0.3541,MonthlyIncome
982,test,No,Sales,Sales Executive,No,7264,30,8,3,0.0697,6,0.4055,StockOptionLevel
983,train,No,Sales,Sales Executive,Yes,5666,38,5,4,0.2496,8,0.4869,OverTime
984,train,No,Sales,Sales Executive,No,7823,35,10,4,0.0061,2,0.3401,OverTime
985,train,No,Sales,Sales Executive,No,7880,39,8,3,0.0126,2,0.399,OverTime
986,train,Yes,Sales,Sales Executive,Yes,13194,40,1,2,0.2039,8,0.6353,OverTime
987,test,No,Research & Development,Manufacturing Director,Yes,5067,47,19,3,0.0081,2,0.3849,StockOptionLevel
990,train,No,Sales,Sales Executive,No,5079,36,7,4,0.0074,2,0.3233,StockOptionLevel
991,train,Yes,Research & Development,Research Scientist,Yes,2321,31,3,1,0.5214,10,0.6384,MonthlyIncome
992,test,No,Sales,Manager,No,17444,33,10,3,0.0136,3,0.4592,StockOptionLevel
994,train,Yes,Research & Development,Research Scientist,Yes,2404,29,0,1,0.5731,10,0.7262,MonthlyIncome
995,test,No,Research & Development,Research Scientist,No,3452,33,3,4,0.0678,6,0.4852,StockOptionLevel
996,test,No,Research & Development,Laboratory Technician,No,2270,45,5,4,0.0037,1,0.3454,OverTime
997,train,No,Research & Development,Research Director,No,17399,50,5,4,0.0014,1,0.3433,MonthlyIncome
998,train,No,Research & Development,Healthcare Representative,Yes,5488,33,6,2,0.0556,5,0.347,StockOptionLevel
999,test,No,Research & Development,Research Director,No,19419,41,18,3,0.0015,1,0.3184,StockOptionLevel
1001,train,No,Research & Development,Laboratory Technician,No,2811,27,2,2,0.6488,10,0.4546,OverTime
1002,train,No,Research & Development,Laboratory Technician,Yes,3633,45,9,1,0.0781,6,0.4052,OverTime
1003,train,No,Sales,Sales Executive,Yes,4163,47,9,4,0.08,6,0.4716,OverTime
1004,train,Yes,Research & Development,Research Scientist,Yes,2132,30,5,3,0.542,10,0.6785,OverTime
1005,train,No,Research & Development,Manufacturing Director,Yes,13973,50,12,3,0.0087,2,0.3633,MonthlyIncome
1006,train,No,Research & Development,Research Scientist,No,2684,38,2,3,0.0919,6,0.3493,Age
1007,test,No,Research & Development,Manufacturing Director,No,10845,46,8,3,0.003,1,0.3513,Age
1009,test,No,Research & Development,Manufacturing Director,No,4377,24,4,3,0.0115,2,0.3194,StockOptionLevel
1010,train,Yes,Research & Development,Laboratory Technician,Yes,3743,35,4,2,0.5046,10,0.5654,OverTime
1011,train,No,Research & Development,Manufacturing Director,No,4148,31,4,1,0.0448,5,0.3311,StockOptionLevel
1012,train,No,Research & Development,Research Scientist,No,1051,18,0,4,0.0454,5,0.6029,MonthlyIncome
1013,test,No,Research & Development,Manufacturing Director,No,10739,54,10,3,0.0074,2,0.3851,StockOptionLevel
1014,train,No,Research & Development,Healthcare Representative,Yes,10388,35,16,3,0.1932,8,0.3869,OverTime
1015,train,No,Research & Development,Research Director,Yes,11416,30,8,1,0.0176,3,0.3729,StockOptionLevel
1016,train,Yes,Research & Development,Research Scientist,Yes,2600,20,1,1,0.6359,10,0.7031,OverTime
1017,train,Yes,Research & Development,Laboratory Technician,No,2422,30,3,2,0.4128,9,0.5627,Age
1018,train,No,Research & Development,Manufacturing Director,No,5472,26,8,4,0.0026,1,0.3875,StockOptionLevel
1019,test,No,Research & Development,Laboratory Technician,No,2451,22,4,1,0.7329,10,0.4665,OverTime
1022,train,No,Research & Development,Healthcare Representative,No,4240,48,2,3,0.0521,5,0.361,Age
1024,train,No,Research & Development,Healthcare Representative,No,10999,48,15,3,0.0131,3,0.3735,Age
1025,train,No,Research & Development,Manufacturing Director,No,5003,41,2,3,0.0213,3,0.3244,Age
1026,train,No,Research & Development,Manufacturing Director,No,12742,39,21,4,0.0101,2,0.2992,StockOptionLevel
1027,train,No,Research & Development,Manufacturing Director,No,4227,27,3,4,0.0172,3,0.3267,StockOptionLevel
1028,train,No,Research & Development,Laboratory Technician,No,3917,35,3,4,0.0598,5,0.3401,Age
1029,train,No,Sales,Manager,No,18303,42,1,3,0.0076,2,0.305,Age
1030,train,No,Research & Development,Laboratory Technician,No,2380,50,1,4,0.0899,6,0.402,Age
1032,train,No,Research & Development,Manufacturing Director,Yes,13726,59,5,4,0.0291,4,0.4036,Age
1033,train,Yes,Research & Development,Healthcare Representative,No,4777,37,1,2,0.4024,9,0.5605,YearsWithCurrManager
1034,train,No,Research & Development,Healthcare Representative,Yes,6385,55,8,2,0.0648,5,0.4002,MonthlyIncome
1035,train,No,Research & Development,Research Director,No,19973,41,21,3,0.0014,1,0.2904,StockOptionLevel
1036,train,No,Sales,Sales Executive,Yes,6861,38,1,4,0.4181,9,0.5618,OverTime
1037,train,Yes,Sales,Sales Executive,No,4969,26,2,1,0.6517,10,0.5596,Age
1038,test,Yes,Sales,Manager,No,19845,52,32,4,0.0047,1,0.3436,StockOptionLevel
1039,train,No,Sales,Sales Executive,Yes,13320,44,12,4,0.0268,4,0.3973,StockOptionLevel
1040,train,No,Sales,Sales Executive,No,6347,50,18,3,0.0004,1,0.3296,OverTime
1042,train,Yes,Research & Development,Laboratory Technician,No,2743,36,17,1,0.1387,7,0.3883,Age
1043,train,No,Research & Development,Manufacturing Director,Yes,10880,39,21,1,0.1748,8,0.406,OverTime
1044,train,No,Sales,Sales Representative,No,2342,33,2,4,0.1483,7,0.573,MonthlyIncome
1045,train,No,Sales,Manager,No,17650,45,9,4,0.0004,1,0.3244,MonthlyIncome
1046,train,No,Research & Development,Laboratory Technician,No,4025,32,8,3,0.2136,8,0.4885,Age
1047,train,No,Sales,Sales Executive,No,9725,34,15,4,0.0085,2,0.3321,OverTime
1048,train,No,Sales,Manager,Yes,11904,59,6,4,0.0768,6,0.3691,StockOptionLevel
1049,train,No,Human Resources,Human Resources,No,2177,45,6,2,0.1528,7,0.401,Age
1050,train,No,Sales,Sales Executive,No,7525,53,15,2,0.0426,5,0.3949,StockOptionLevel
1052,test,Yes,Research & Development,Laboratory Technician,No,4834,36,1,3,0.3362,9,0.44,YearsWithCurrManager
1053,train,Yes,Research & Development,Research Scientist,Yes,2042,26,3,1,0.8541,10,0.6973,OverTime
1055,train,No,Sales,Sales Representative,Yes,2220,34,1,3,0.2502,8,0.6618,OverTime
1056,train,No,Sales,Sales Representative,No,1052,28,1,2,0.1282,7,0.5282,OverTime
1060,train,No,Research & Development,Research Scientist,No,2821,38,2,3,0.0351,4,0.3356,Age
1061,train,No,Research & Development,Research Director,Yes,19237,50,8,3,0.0256,4,0.4173,MonthlyIncome
1062,train,No,Research & Development,Healthcare Representative,No,4107,37,4,2,0.0276,4,0.3636,Age
1066,test,No,Sales,Sales Executive,No,8396,40,7,1,0.3341,9,0.3808,OverTime
1068,train,No,Research & Development,Research Scientist,No,2007,26,5,3,0.0455,5,0.3918,OverTime
1069,train,No,Research & Development,Research Director,No,19627,46,2,4,0.0025,1,0.3428,MonthlyIncome
1070,train,No,Sales,Sales Executive,No,10686,54,9,3,0.1011,6,0.374,Age
1071,test,No,Research & Development,Research Scientist,No,2942,56,5,3,0.0083,2,0.3965,OverTime
1073,train,No,Research & Development,Manufacturing Director,No,8858,36,14,4,0.0207,3,0.3521,Age
1074,train,No,Research & Development,Manager,No,16756,55,9,1,0.0283,4,0.3807,Age
1076,test,No,Sales,Sales Executive,No,10798,43,1,4,0.0266,4,0.3508,Age
1077,train,Yes,Sales,Sales Representative,Yes,2323,20,2,4,0.7132,10,0.679,MonthlyIncome
1079,train,Yes,Research & Development,Laboratory Technician,No,1416,21,1,1,0.6194,10,0.7056,MonthlyIncome
1080,test,No,Research & Development,Research Scientist,Yes,4615,46,16,1,0.0515,5,0.3912,OverTime
1081,train,Yes,Research & Development,Research Scientist,Yes,2461,51,10,3,0.1002,6,0.6288,OverTime
1082,train,Yes,Research & Development,Healthcare Representative,No,8722,28,10,1,0.2725,8,0.5171,Age
1083,train,No,Research & Development,Laboratory Technician,No,3955,26,5,1,0.3484,9,0.3942,StockOptionLevel
1084,train,No,Research & Development,Manufacturing Director,No,9957,30,6,1,0.0338,4,0.3879,StockOptionLevel
1085,train,No,Research & Development,Research Scientist,No,3376,41,10,3,0.0083,2,0.3216,Age
1088,test,No,Research & Development,Healthcare Representative,No,8823,38,19,3,0.0068,2,0.3515,OverTime
1092,test,No,Research & Development,Healthcare Representative,No,10322,40,11,4,0.0988,6,0.3977,Age
1094,train,No,Research & Development,Laboratory Technician,No,4621,27,3,3,0.0545,5,0.397,StockOptionLevel
1096,train,No,Research & Development,Manufacturing Director,No,10976,55,3,2,0.0051,2,0.3452,StockOptionLevel
1097,train,No,Research & Development,Research Scientist,No,3660,28,8,3,0.0046,1,0.4191,StockOptionLevel
1098,train,Yes,Human Resources,Human Resources,No,10482,44,20,1,0.1709,8,0.4519,NumCompaniesWorked
1099,test,No,Research & Development,Healthcare Representative,No,7119,33,3,4,0.0138,3,0.3186,StockOptionLevel
1100,test,Yes,Sales,Sales Executive,Yes,9582,35,8,1,0.5387,10,0.5421,OverTime
1101,test,Yes,Research & Development,Research Scientist,No,4508,33,13,3,0.1989,8,0.4648,StockOptionLevel
1102,test,No,Research & Development,Laboratory Technician,No,2207,28,4,3,0.1835,8,0.5186,MonthlyIncome
1103,test,No,Research & Development,Healthcare Representative,No,7756,34,6,4,0.1324,7,0.4089,Age
1105,train,No,Sales,Sales Executive,Yes,6694,37,1,4,0.0324,4,0.3895,MonthlyIncome
1106,train,Yes,Research & Development,Laboratory Technician,Yes,3691,25,7,4,0.1752,8,0.5569,JobLevel
1107,train,Yes,Research & Development,Laboratory Technician,No,2377,26,1,3,0.4134,9,0.6484,MonthlyIncome
1108,test,Yes,Research & Development,Research Scientist,Yes,2313,33,2,2,0.9221,10,0.6606,OverTime
1109,train,No,Research & Development,Manager,No,17665,42,22,1,0.0322,4,0.3141,StockOptionLevel
1111,train,Yes,Research & Development,Laboratory Technician,No,2596,28,1,2,0.5327,10,0.5715,YearsWithCurrManager
1113,train,Yes,Sales,Sales Executive,Yes,4728,50,0,3,0.1711,8,0.5978,OverTime
1114,train,No,Sales,Sales Executive,No,4302,33,3,2,0.0356,4,0.3348,StockOptionLevel
1115,train,No,Research & Development,Research Scientist,No,2979,34,0,4,0.0052,2,0.3599,OverTime
1116,train,No,Research & Development,Manager,No,16885,48,5,4,0.0035,1,0.3874,Age
1117,train,No,Sales,Sales Executive,No,5593,45,15,3,0.0032,1,0.3378,OverTime
1118,train,No,Research & Development,Healthcare Representative,No,10445,52,8,2,0.0545,5,0.3697,Age
1119,train,No,Sales,Sales Executive,Yes,8740,38,8,3,0.1323,7,0.3864,OverTime
1120,train,No,Research & Development,Research Scientist,No,2514,29,7,4,0.017,3,0.3448,OverTime
1121,train,No,Research & Development,Manufacturing Director,No,7655,28,9,2,0.0018,1,0.3269,StockOptionLevel
1124,train,No,Sales,Manager,No,17465,46,12,3,0.0045,1,0.3567,MonthlyIncome
1125,train,No,Sales,Sales Executive,No,7351,38,1,2,0.3056,9,0.4692,Age
1126,train,No,Research & Development,Manufacturing Director,No,10820,43,8,1,0.0982,6,0.3591,Age
1127,train,Yes,Research & Development,Healthcare Representative,No,12169,39,18,4,0.0844,6,0.4514,NumCompaniesWorked
1128,train,No,Research & Development,Research Director,No,19626,40,20,3,0.0141,3,0.3613,Age
1131,test,No,Research & Development,Research Scientist,Yes,2070,21,2,2,0.329,9,0.6399,MonthlyIncome
1132,test,No,Research & Development,Laboratory Technician,No,6782,39,5,2,0.2985,9,0.3888,Age
1133,test,No,Research & Development,Manufacturing Director,No,7779,36,11,4,0.008,2,0.3789,Age
1135,test,No,Sales,Sales Representative,No,2791,31,2,4,0.1343,7,0.4493,StockOptionLevel
1136,train,No,Research & Development,Research Scientist,No,3201,28,5,2,0.2604,8,0.5054,StockOptionLevel
1137,train,No,Sales,Sales Executive,No,4968,35,5,4,0.0365,4,0.3485,StockOptionLevel
1138,train,No,Sales,Sales Executive,No,13120,49,9,2,0.0704,6,0.3513,StockOptionLevel
1140,train,No,Research & Development,Manufacturing Director,No,4033,34,3,3,0.0527,5,0.3633,Age
1143,train,No,Research & Development,Research Scientist,No,3291,29,7,2,0.0233,3,0.3508,StockOptionLevel
1148,train,No,Research & Development,Laboratory Technician,No,4272,42,1,4,0.5178,10,0.3439,Age
1150,train,No,Research & Development,Manufacturing Director,Yes,5056,29,10,4,0.1354,7,0.3419,MonthlyIncome
1152,train,No,Human Resources,Human Resources,No,2844,38,7,3,0.0247,3,0.402,YearsWithCurrManager
1154,train,No,Research & Development,Research Scientist,Yes,2703,28,3,3,0.3069,9,0.5559,JobLevel
1156,test,Yes,Research & Development,Laboratory Technician,No,1904,18,0,3,0.1697,8,0.604,MonthlyIncome
1157,train,Yes,Sales,Sales Executive,Yes,8224,33,5,1,0.7297,10,0.6135,OverTime
1158,train,No,Research & Development,Laboratory Technician,Yes,4766,41,1,4,0.3772,9,0.4585,MonthlyIncome
1160,train,Yes,Research & Development,Laboratory Technician,No,2610,31,2,3,0.1967,8,0.5144,JobLevel
1161,train,No,Research & Development,Healthcare Representative,No,5731,37,6,4,0.0325,4,0.3272,Age
1162,train,No,Research & Development,Research Scientist,No,2539,27,4,3,0.0537,5,0.3647,OverTime
1163,train,No,Sales,Sales Executive,No,5714,34,6,3,0.0735,6,0.3795,OverTime
1164,train,No,Human Resources,Human Resources,No,4323,35,5,3,0.2906,9,0.432,Age
1165,train,Yes,Sales,Sales Executive,No,7336,29,11,1,0.1779,8,0.4504,StockOptionLevel
1166,train,No,Research & Development,Research Director,No,13499,40,18,3,0.0434,5,0.3791,Age
1167,train,Yes,Sales,Sales Executive,Yes,13758,42,21,1,0.8512,10,0.5754,OverTime
1171,train,No,Sales,Sales Executive,No,5155,42,6,1,0.2043,8,0.4013,Age
1172,train,No,Research & Development,Laboratory Technician,No,2258,35,8,3,0.0843,6,0.3504,OverTime
1173,train,No,Research & Development,Laboratory Technician,No,3597,24,4,2,0.4865,10,0.5366,Age
1175,train,Yes,Research & Development,Laboratory Technician,Yes,2515,28,1,4,0.2872,9,0.6864,OverTime
1177,test,No,Research & Development,Laboratory Technician,No,4420,26,8,4,0.0127,2,0.3837,StockOptionLevel
1179,train,No,Sales,Sales Executive,No,6578,30,10,3,0.0943,6,0.3187,StockOptionLevel
1180,train,No,Research & Development,Research Scientist,Yes,4422,40,1,4,0.3315,9,0.4003,MonthlyIncome
1182,train,No,Research & Development,Manufacturing Director,No,10274,35,7,2,0.0156,3,0.3233,StockOptionLevel
1184,train,No,Research & Development,Healthcare Representative,No,5343,34,13,1,0.0317,4,0.4006,StockOptionLevel
1185,train,No,Research & Development,Laboratory Technician,No,2376,35,2,4,0.0535,5,0.3433,Age
1188,test,Yes,Sales,Sales Executive,No,5346,43,4,3,0.7883,10,0.4007,Age
1190,train,No,Sales,Sales Representative,No,2827,32,1,1,0.0319,4,0.4454,OverTime
1191,train,No,Research & Development,Manager,No,19943,56,5,1,0.0133,3,0.3263,MonthlyIncome
1192,train,No,Research & Development,Laboratory Technician,No,3131,29,10,4,0.0078,2,0.3822,OverTime
1193,train,No,Research & Development,Research Scientist,No,2552,19,1,1,0.1652,7,0.6071,YearsWithCurrManager
1195,train,No,Research & Development,Research Scientist,Yes,4477,45,3,3,0.1753,8,0.4592,MonthlyIncome
1196,train,No,Research & Development,Manufacturing Director,No,6474,37,14,4,0.0025,1,0.2989,MonthlyIncome
1198,train,No,Research & Development,Laboratory Technician,No,3033,20,2,3,0.7149,10,0.5594,Age
1200,test,Yes,Research & Development,Research Scientist,Yes,2936,44,6,3,0.0955,6,0.502,OverTime
1201,test,No,Research & Development,Manager,No,18606,53,7,3,0.0007,1,0.3065,StockOptionLevel
1202,train,No,Research & Development,Research Scientist,Yes,2168,29,5,4,0.3996,9,0.5797,OverTime
1203,train,Yes,Research & Development,Research Scientist,Yes,2853,22,0,4,0.2308,8,0.6368,OverTime
1204,train,No,Sales,Manager,No,17048,46,26,1,0.0897,6,0.3973,Age
1206,train,No,Research & Development,Research Scientist,No,2290,44,0,3,0.0387,4,0.5107,Age
1207,train,No,Human Resources,Human Resources,No,3600,33,5,3,0.052,5,0.381,OverTime
1210,train,Yes,Research & Development,Research Scientist,No,2107,41,1,1,0.4146,9,0.5822,MonthlyIncome
1211,train,No,Sales,Sales Executive,No,4115,30,4,1,0.1403,7,0.4342,StockOptionLevel
1212,train,No,Sales,Sales Executive,No,4327,40,0,2,0.1178,7,0.444,OverTime
1215,train,No,Research & Development,Manager,No,17856,50,2,1,0.0035,1,0.3434,StockOptionLevel
1216,test,No,Research & Development,Laboratory Technician,No,3196,28,6,1,0.1041,6,0.3949,OverTime
1217,train,No,Research & Development,Research Director,No,19081,46,4,2,0.0058,2,0.3554,MonthlyIncome
1218,train,No,Sales,Sales Executive,Yes,8966,35,7,1,0.06,5,0.5008,OverTime
1219,train,Yes,Research & Development,Laboratory Technician,No,2210,24,1,2,0.2971,9,0.6053,MonthlyIncome
1220,test,No,Sales,Sales Executive,No,4539,33,10,3,0.1424,7,0.3882,StockOptionLevel
1221,train,No,Research & Development,Laboratory Technician,No,2741,36,7,3,0.0289,4,0.3262,OverTime
1224,train,No,Research & Development,Laboratory Technician,No,3491,30,10,3,0.0593,5,0.3099,StockOptionLevel
1225,train,No,Research & Development,Research Scientist,No,4541,44,20,4,0.0132,3,0.3557,Age
1226,test,No,Sales,Sales Representative,No,2678,20,2,4,0.2993,9,0.5505,Age
1228,train,No,Research & Development,Manufacturing Director,No,7379,46,6,4,0.0061,2,0.3524,StockOptionLevel
1231,train,No,Human Resources,Human Resources,No,6272,42,4,1,0.0077,2,0.3133,Age
1233,train,No,Sales,Sales Executive,Yes,5220,60,11,4,0.0145,3,0.3337,StockOptionLevel
1234,train,No,Research & Development,Laboratory Technician,No,2743,32,2,2,0.2356,8,0.4511,OverTime
1235,train,No,Research & Development,Research Scientist,Yes,4998,32,8,3,0.1057,6,0.4487,StockOptionLevel
1237,train,No,Research & Development,Manufacturing Director,Yes,10252,36,7,1,0.2932,9,0.3563,OverTime
1238,train,No,Research & Development,Research Scientist,No,2781,33,14,4,0.0046,1,0.3796,OverTime
1239,train,No,Sales,Sales Executive,No,6852,40,5,2,0.3483,9,0.3883,Age
1240,train,No,Sales,Sales Executive,No,4950,25,4,4,0.0531,5,0.4819,StockOptionLevel
1241,test,No,Research & Development,Research Scientist,Yes,3579,30,11,2,0.0414,4,0.498,OverTime
1242,train,No,Research & Development,Research Director,Yes,13191,42,1,1,0.1705,8,0.4375,Age
1243,test,No,Sales,Sales Executive,Yes,10377,35,13,4,0.0911,6,0.446,OverTime
1244,train,No,Research & Development,Research Scientist,Yes,2235,27,9,1,0.3927,9,0.6182,OverTime
1245,train,No,Research & Development,Manufacturing Director,No,10502,54,5,3,0.0061,2,0.3547,StockOptionLevel
1246,train,No,Research & Development,Research Scientist,No,2011,44,10,4,0.0049,2,0.3448,OverTime
1248,test,Yes,Research & Development,Research Scientist,Yes,1859,19,1,2,0.4394,9,0.721,MonthlyIncome
1249,train,No,Research & Development,Research Scientist,No,3760,29,3,4,0.0086,2,0.3761,StockOptionLevel
1250,test,No,Research & Development,Research Director,No,17779,54,10,4,0.0001,1,0.3491,Age
1251,train,No,Research & Development,Healthcare Representative,Yes,6833,31,6,1,0.1912,8,0.4506,StockOptionLevel
1252,train,No,Research & Development,Healthcare Representative,No,6812,31,10,1,0.0404,4,0.4318,StockOptionLevel
1254,train,No,Sales,Sales Executive,No,5171,59,6,4,0.0259,4,0.4308,Age
1255,test,No,Research & Development,Research Director,No,19740,43,8,4,0.002,1,0.2978,StockOptionLevel
1256,train,No,Research & Development,Manager,No,18711,49,1,3,0.013,3,0.3047,Age
1257,train,No,Research & Development,Research Scientist,No,3692,36,11,2,0.0558,5,0.3611,Age
1258,train,No,Research & Development,Laboratory Technician,No,2559,48,1,2,0.2421,8,0.4673,Age
1259,train,No,Research & Development,Research Scientist,No,2517,27,5,3,0.0219,3,0.351,OverTime
1260,train,No,Research & Development,Healthcare Representative,Yes,6623,29,6,4,0.0651,5,0.3778,MonthlyIncome
1263,train,No,Research & Development,Research Director,No,18265,48,1,4,0.0039,1,0.2996,Age
1264,train,No,Research & Development,Research Director,No,16124,29,7,4,0.0027,1,0.2923,StockOptionLevel
1265,test,No,Research & Development,Research Scientist,No,2585,34,1,3,0.032,4,0.4508,YearsWithCurrManager
1267,train,No,Sales,Manager,No,18213,44,22,2,0.009,2,0.3654,MonthlyIncome
1268,train,No,Sales,Sales Executive,Yes,8380,33,9,3,0.0105,2,0.3475,StockOptionLevel
1269,train,No,Research & Development,Research Scientist,Yes,2994,19,1,4,0.3201,9,0.6268,Age
1270,train,No,Research & Development,Research Scientist,No,1223,23,1,3,0.0183,3,0.406,OverTime
1273,train,Yes,Sales,Sales Representative,Yes,1118,25,1,4,0.9513,10,0.7316,MonthlyIncome
1275,train,No,Research & Development,Research Scientist,Yes,2875,26,8,4,0.3088,9,0.5568,JobLevel
1277,train,Yes,Sales,Manager,Yes,18824,45,24,2,0.1701,8,0.5786,OverTime
1278,train,No,Research & Development,Healthcare Representative,Yes,13577,55,33,2,0.0977,6,0.3622,MonthlyIncome
1279,train,Yes,Research & Development,Laboratory Technician,No,2625,21,2,3,0.9018,10,0.6675,Age
1280,train,No,Sales,Manager,No,18789,46,11,2,0.0022,1,0.3274,MonthlyIncome
1281,train,No,Sales,Sales Executive,Yes,4538,34,3,1,0.3917,9,0.5342,OverTime
1282,train,No,Sales,Manager,Yes,19847,51,29,2,0.1386,7,0.3777,StockOptionLevel
1283,train,No,Research & Development,Manufacturing Director,No,10512,59,9,4,0.0044,1,0.4236,Age
1285,train,No,Research & Development,Laboratory Technician,No,4444,34,11,2,0.059,5,0.3195,MonthlyIncome
1286,train,No,Research & Development,Laboratory Technician,Yes,2154,28,4,3,0.571,10,0.6164,JobLevel
1288,train,No,Research & Development,Manager,No,19190,44,25,1,0.016,3,0.3095,MonthlyIncome
1289,train,No,Human Resources,Human Resources,No,4490,34,10,2,0.0197,3,0.3384,MonthlyIncome
1291,train,No,Research & Development,Research Scientist,Yes,3506,35,3,3,0.0991,6,0.5297,OverTime
1292,train,No,Research & Development,Research Scientist,Yes,2372,42,1,2,0.0902,6,0.4529,Age
1293,train,No,Sales,Sales Executive,No,10231,43,21,4,0.0355,4,0.387,Age
1294,train,No,Research & Development,Manufacturing Director,Yes,5410,36,16,2,0.0867,6,0.381,OverTime
1295,train,Yes,Research & Development,Healthcare Representative,No,7978,44,10,4,0.0043,1,0.4296,OverTime
1296,train,No,Research & Development,Laboratory Technician,Yes,3867,28,2,4,0.5492,10,0.5284,JobLevel
1297,test,No,Research & Development,Laboratory Technician,No,2838,51,7,3,0.4089,9,0.4325,Age
1298,train,No,Research & Development,Manufacturing Director,Yes,4695,30,8,3,0.0665,5,0.4788,StockOptionLevel
1299,train,Yes,Research & Development,Laboratory Technician,Yes,3339,29,7,3,0.5739,10,0.5865,OverTime
1301,train,No,Research & Development,Research Scientist,No,2080,28,3,1,0.3139,9,0.5458,MonthlyIncome
1303,test,No,Research & Development,Research Scientist,No,2096,25,2,2,0.0587,5,0.594,MonthlyIncome
1304,train,No,Sales,Sales Executive,No,6209,32,10,4,0.0009,1,0.3194,StockOptionLevel
1306,train,No,Research & Development,Manager,No,18061,45,0,2,0.1105,7,0.3729,Age
1307,train,No,Research & Development,Manager,Yes,17123,39,19,2,0.5275,10,0.4026,MonthlyIncome
1308,test,No,Research & Development,Research Scientist,No,2372,58,2,3,0.0247,3,0.4275,OverTime
1309,train,Yes,Research & Development,Laboratory Technician,No,4883,32,10,3,0.0481,5,0.2986,StockOptionLevel
1310,test,Yes,Research & Development,Research Scientist,No,3904,39,5,1,0.1347,7,0.3681,Age
1311,test,No,Research & Development,Laboratory Technician,No,4627,30,9,4,0.233,8,0.3463,StockOptionLevel
1312,test,No,Research & Development,Healthcare Representative,No,7094,36,7,3,0.0222,3,0.3545,Age
1314,test,No,Human Resources,Human Resources,No,3423,46,7,1,0.0443,5,0.3795,Age
1315,train,No,Research & Development,Laboratory Technician,No,6674,28,9,4,0.0115,2,0.3157,StockOptionLevel
1317,train,No,Research & Development,Research Director,Yes,16880,50,3,1,0.0455,5,0.452,OverTime
1318,train,Yes,Sales,Sales Executive,Yes,9094,40,5,2,0.7486,10,0.6444,OverTime
1319,train,Yes,Sales,Sales Executive,Yes,8446,52,8,2,0.8605,10,0.6118,OverTime
1321,train,No,Research & Development,Manager,Yes,11916,30,9,1,0.1189,7,0.4123,StockOptionLevel
1322,test,No,Research & Development,Manufacturing Director,No,4534,39,8,3,0.0252,4,0.3651,Age
1324,train,No,Sales,Sales Executive,Yes,9852,31,10,3,0.0599,5,0.3509,StockOptionLevel
1329,train,No,Sales,Sales Executive,No,6151,41,19,2,0.3096,9,0.4074,Age
1331,test,Yes,Sales,Sales Representative,Yes,2302,31,3,2,0.6929,10,0.6064,OverTime
1333,train,Yes,Research & Development,Laboratory Technician,No,2362,44,3,1,0.1193,7,0.4227,Age
1334,train,No,Research & Development,Manager,Yes,17861,42,20,3,0.0117,2,0.4436,OverTime
1336,train,No,Research & Development,Manager,No,19187,55,19,3,0.0075,2,0.3276,MonthlyIncome
1338,train,No,Human Resources,Manager,No,19717,56,7,2,0.0,1,0.391,MonthlyIncome
1340,train,No,Research & Development,Research Scientist,No,3544,40,4,3,0.0713,6,0.3582,OverTime
1344,test,No,Research & Development,Healthcare Representative,No,8500,34,9,4,0.0031,1,0.3525,OverTime
1346,train,No,Research & Development,Research Scientist,No,4661,40,9,4,0.0192,3,0.3311,Age
1349,train,No,Sales,Sales Executive,No,4103,41,9,1,0.0366,4,0.3065,StockOptionLevel
1350,train,No,Research & Development,Research Scientist,Yes,4249,35,9,3,0.3486,9,0.4198,OverTime
1352,train,No,Human Resources,Manager,Yes,14026,51,33,2,0.0,1,0.3555,MonthlyIncome
1355,train,No,Sales,Sales Executive,No,6893,38,7,1,0.0146,3,0.3402,StockOptionLevel
1356,train,No,Sales,Sales Executive,No,6125,34,10,1,0.0614,5,0.3759,OverTime
1358,train,No,Research & Development,Laboratory Technician,No,3669,25,3,4,0.027,4,0.4262,OverTime
1360,train,Yes,Research & Development,Manufacturing Director,Yes,10008,58,10,1,0.07,6,0.4077,OverTime
1361,train,No,Research & Development,Laboratory Technician,No,2387,40,4,2,0.0681,6,0.3493,OverTime
1362,train,No,Sales,Sales Executive,No,4639,36,15,1,0.1384,7,0.3293,OverTime
1363,test,No,Research & Development,Manufacturing Director,No,7898,48,10,4,0.0019,1,0.3666,Age
1364,train,No,Sales,Sales Representative,No,2534,27,1,4,0.0838,6,0.4667,OverTime
1367,train,No,Research & Development,Manufacturing Director,No,13142,51,5,2,0.0394,4,0.4131,Age
1368,train,No,Research & Development,Laboratory Technician,No,1611,18,0,4,0.0113,2,0.5539,JobLevel
1369,train,No,Research & Development,Laboratory Technician,No,5363,35,9,4,0.0178,3,0.36,YearsWithCurrManager
1371,test,No,Sales,Sales Executive,No,5071,27,6,4,0.3511,9,0.5658,StockOptionLevel
1372,train,Yes,Sales,Sales Executive,Yes,13695,55,19,3,0.5348,10,0.6426,OverTime
1373,test,No,Research & Development,Manufacturing Director,Yes,13402,56,19,2,0.1062,6,0.3586,MonthlyIncome
1374,train,No,Research & Development,Research Scientist,No,2029,34,5,3,0.0519,5,0.4341,OverTime
1375,train,No,Research & Development,Healthcare Representative,No,6377,40,12,3,0.0086,2,0.3752,NumCompaniesWorked
1377,train,No,Research & Development,Laboratory Technician,No,5429,34,8,3,0.3367,9,0.3435,OverTime
1379,train,Yes,Sales,Sales Representative,No,2785,31,1,4,0.4605,9,0.6281,Age
1380,train,Yes,Sales,Sales Executive,Yes,4614,35,4,3,0.6118,10,0.5044,OverTime
1382,train,No,Research & Development,Research Scientist,No,2610,38,4,3,0.0054,2,0.3367,Age
1383,train,No,Research & Development,Healthcare Representative,No,6687,34,14,4,0.0031,1,0.3251,Age
1387,train,No,Sales,Sales Executive,No,4724,28,5,1,0.2656,8,0.3995,StockOptionLevel
1389,test,Yes,Research & Development,Manufacturing Director,Yes,6179,31,10,3,0.0911,6,0.3787,MonthlyIncome
1390,train,No,Sales,Sales Executive,Yes,6120,39,5,4,0.1765,8,0.4807,OverTime
1391,train,No,Sales,Sales Executive,No,10596,51,4,2,0.1545,7,0.4417,Age
1392,train,No,Research & Development,Research Scientist,Yes,5467,41,6,4,0.1601,7,0.31,MonthlyIncome
1394,train,No,Research & Development,Research Scientist,Yes,2996,37,6,3,0.183,8,0.5426,OverTime
1395,test,No,Sales,Sales Executive,No,9998,33,5,4,0.1669,8,0.5365,StockOptionLevel
1396,train,No,Sales,Sales Executive,Yes,4078,32,3,2,0.3951,9,0.4008,StockOptionLevel
1397,train,No,Research & Development,Healthcare Representative,No,10920,39,6,3,0.0049,2,0.3515,OverTime
1399,test,No,Sales,Sales Executive,No,6232,25,3,3,0.1965,8,0.4875,StockOptionLevel
1401,train,No,Research & Development,Manufacturing Director,Yes,13247,52,5,3,0.0311,4,0.3415,MonthlyIncome
1402,train,No,Research & Development,Research Scientist,Yes,4081,43,20,3,0.3589,9,0.4997,OverTime
1403,test,No,Sales,Sales Executive,Yes,5769,27,6,4,0.2575,8,0.5574,StockOptionLevel
1405,train,Yes,Research & Development,Research Scientist,Yes,2394,27,8,3,0.2818,9,0.6393,MonthlyIncome
1407,test,No,Research & Development,Research Scientist,No,3904,26,4,4,0.0932,6,0.5181,Age
1408,train,No,Human Resources,Manager,No,16799,42,20,1,0.0,1,0.3046,Age
1409,train,No,Research & Development,Laboratory Technician,No,2950,52,5,1,0.1849,8,0.4062,Age
1411,train,No,Research & Development,Laboratory Technician,No,3629,37,3,3,0.1443,7,0.3858,Age
1412,train,No,Research & Development,Manufacturing Director,No,9362,35,2,4,0.0994,6,0.3736,Age
1415,train,No,Research & Development,Laboratory Technician,No,3229,25,3,4,0.3779,9,0.4371,OverTime
1417,test,No,Research & Development,Laboratory Technician,No,3578,26,7,1,0.0237,3,0.4827,Age
1419,test,No,Human Resources,Human Resources,No,7988,29,10,1,0.2177,8,0.4695,StockOptionLevel
1420,train,Yes,Research & Development,Laboratory Technician,No,4284,49,4,1,0.7693,10,0.4933,Age
1421,test,Yes,Research & Development,Healthcare Representative,Yes,7553,29,8,4,0.2981,9,0.4581,StockOptionLevel
1422,train,No,Research & Development,Research Director,No,17328,54,20,4,0.0083,2,0.366,Age
1423,train,No,Research & Development,Research Director,Yes,19701,58,9,1,0.0016,1,0.3656,MonthlyIncome
1424,train,No,Research & Development,Research Director,No,14732,55,7,4,0.0,1,0.3086,MonthlyIncome
1425,train,No,Sales,Sales Executive,Yes,9278,36,5,2,0.3438,9,0.579,OverTime
1427,train,Yes,Sales,Sales Representative,No,1359,31,1,3,0.7206,10,0.6799,MonthlyIncome
1428,test,No,Sales,Sales Executive,No,4779,30,3,1,0.0835,6,0.3328,StockOptionLevel
1430,test,No,Research & Development,Research Director,No,16422,31,3,2,0.0459,5,0.5069,Age
1431,train,No,Research & Development,Research Scientist,No,2996,34,4,1,0.0243,3,0.3459,OverTime
1433,train,Yes,Research & Development,Research Scientist,No,1261,31,1,2,0.2018,8,0.6564,MonthlyIncome
1434,train,No,Research & Development,Laboratory Technician,No,2099,27,5,1,0.1653,7,0.4588,OverTime
1435,train,No,Research & Development,Laboratory Technician,No,5810,36,10,4,0.2413,8,0.3731,Age
1436,train,No,Sales,Sales Executive,No,5647,36,3,1,0.2441,8,0.3379,OverTime
1438,train,No,Research & Development,Research Scientist,No,3420,47,6,4,0.0752,6,0.4053,Age
1439,train,Yes,Sales,Sales Representative,No,4400,25,3,1,0.8095,10,0.5111,Age
1440,train,No,Research & Development,Laboratory Technician,No,3500,37,6,3,0.1332,7,0.3955,Age
1441,train,No,Research & Development,Research Scientist,No,2066,56,3,1,0.0177,3,0.4536,OverTime
1443,test,No,Research & Development,Research Director,No,17169,47,20,3,0.0008,1,0.3331,StockOptionLevel
1445,train,No,Sales,Sales Executive,Yes,4162,24,5,3,0.0406,4,0.385,StockOptionLevel
1446,train,No,Sales,Sales Executive,No,9204,32,4,4,0.0321,4,0.3423,StockOptionLevel
1447,train,No,Research & Development,Laboratory Technician,No,3294,34,5,2,0.1642,7,0.3472,OverTime
1448,train,No,Research & Development,Research Scientist,Yes,2127,41,4,3,0.076,6,0.5562,OverTime
1449,test,No,Research & Development,Laboratory Technician,No,3975,40,8,3,0.0018,1,0.3167,OverTime
1453,train,No,Sales,Sales Executive,No,10793,31,13,4,0.0635,5,0.3445,StockOptionLevel
1457,train,Yes,Sales,Sales Executive,No,10096,46,7,4,0.0258,4,0.3992,StockOptionLevel
1458,test,Yes,Research & Development,Laboratory Technician,Yes,3646,39,1,1,0.528,10,0.5981,OverTime
1459,train,Yes,Research & Development,Manufacturing Director,No,7446,31,10,2,0.0301,4,0.4956,StockOptionLevel
1460,train,No,Research & Development,Healthcare Representative,Yes,10851,45,7,1,0.0764,6,0.4093,OverTime
1461,test,No,Human Resources,Human Resources,No,2109,31,3,2,0.0598,5,0.5356,Age
1464,train,Yes,Research & Development,Laboratory Technician,Yes,3722,31,2,4,0.8581,10,0.6473,JobLevel
1465,train,No,Research & Development,Manufacturing Director,Yes,9380,45,3,4,0.1029,6,0.3892,Age
1466,train,No,Sales,Sales Executive,No,5486,48,2,1,0.0463,5,0.3436,StockOptionLevel
1467,train,Yes,Human Resources,Human Resources,No,2742,34,2,3,0.2123,8,0.3892,OverTime
1468,train,No,Research & Development,Research Director,No,13757,40,9,2,0.0009,1,0.3207,MonthlyIncome
1469,train,No,Sales,Sales Executive,No,8463,28,5,1,0.0368,4,0.4481,StockOptionLevel
1471,test,No,Research & Development,Laboratory Technician,No,3162,44,5,3,0.0325,4,0.3631,Age
1472,train,No,Research & Development,Research Director,No,16598,53,9,2,0.0031,1,0.3662,Age
1473,train,No,Research & Development,Healthcare Representative,No,6651,49,3,3,0.04,4,0.348,StockOptionLevel
1474,test,No,Research & Development,Research Scientist,No,2345,40,3,3,0.005,2,0.3412,OverTime
1475,test,No,Research & Development,Research Scientist,No,3420,44,5,2,0.0661,5,0.3884,Age
1477,train,No,Sales,Sales Executive,No,4373,33,4,1,0.0769,6,0.3424,StockOptionLevel
1478,train,No,Sales,Sales Executive,No,4759,34,13,1,0.0367,4,0.3906,OverTime
1479,train,No,Sales,Sales Executive,No,5301,30,2,3,0.2024,8,0.379,StockOptionLevel
1480,train,No,Research & Development,Laboratory Technician,No,3673,42,12,4,0.1106,7,0.4073,Age
1481,test,No,Sales,Sales Executive,No,4768,44,1,3,0.2833,9,0.3737,Age
1482,train,No,Research & Development,Research Scientist,No,1274,30,1,3,0.0433,5,0.535,MonthlyIncome
1483,test,No,Research & Development,Research Scientist,No,4900,57,12,3,0.0044,1,0.3354,StockOptionLevel
1484,train,No,Research & Development,Healthcare Representative,No,10466,49,8,2,0.0007,1,0.3433,StockOptionLevel
1485,train,No,Research & Development,Research Director,No,17007,34,14,1,0.1035,6,0.3746,MonthlyIncome
1486,train,Yes,Sales,Sales Representative,No,2909,28,3,3,0.3646,9,0.4738,StockOptionLevel
1487,train,Yes,Sales,Sales Executive,No,5765,29,5,2,0.9381,10,0.6516,StockOptionLevel
1489,train,Yes,Sales,Sales Executive,Yes,4599,34,15,2,0.5948,10,0.6117,OverTime
1492,train,No,Sales,Sales Representative,No,2404,35,1,3,0.1068,6,0.4134,OverTime
1494,train,Yes,Research & Development,Laboratory Technician,Yes,3172,24,0,1,0.9618,10,0.7129,Age
1495,train,No,Sales,Sales Representative,No,2033,24,1,2,0.0565,5,0.4938,OverTime
1496,train,No,Research & Development,Manufacturing Director,Yes,10209,44,2,3,0.5181,10,0.4805,Age
1497,train,No,Sales,Sales Executive,No,8620,29,10,3,0.0187,3,0.3517,StockOptionLevel
1499,train,No,Human Resources,Human Resources,No,2064,30,5,3,0.0132,3,0.3972,MonthlyIncome
1501,train,No,Research & Development,Healthcare Representative,Yes,4035,55,3,3,0.0316,4,0.4398,OverTime
1502,test,No,Research & Development,Laboratory Technician,No,3838,33,5,2,0.2089,8,0.5292,Age
1503,train,No,Sales,Sales Executive,Yes,4591,47,5,3,0.0994,6,0.4628,OverTime
1504,train,Yes,Research & Development,Laboratory Technician,No,2561,28,0,1,0.8867,10,0.695,Age
1506,train,No,Research & Development,Research Scientist,No,1563,28,1,3,0.1805,8,0.5512,MonthlyIncome
1507,train,No,Sales,Sales Executive,No,4898,28,4,1,0.1956,8,0.5065,StockOptionLevel
1509,train,No,Research & Development,Laboratory Technician,No,4789,49,3,1,0.1473,7,0.3274,StockOptionLevel
1513,train,No,Research & Development,Laboratory Technician,No,3180,29,3,2,0.0348,4,0.4143,JobLevel
1514,test,No,Research & Development,Manufacturing Director,No,6549,28,8,2,0.0913,6,0.3565,StockOptionLevel
1515,test,No,Research & Development,Healthcare Representative,Yes,6388,33,0,3,0.0562,5,0.5462,StockOptionLevel
1516,train,No,Research & Development,Manager,No,11244,32,5,4,0.017,3,0.4848,StockOptionLevel
1520,train,No,Research & Development,Manager,No,16032,54,14,4,0.0024,1,0.329,StockOptionLevel
1522,train,Yes,Research & Development,Research Scientist,No,2362,29,9,1,0.6807,10,0.6228,MonthlyIncome
1523,train,No,Research & Development,Research Director,No,16328,44,20,1,0.0249,3,0.3303,MonthlyIncome
1525,train,No,Research & Development,Manufacturing Director,No,8376,39,2,2,0.0647,5,0.3564,Age
1527,train,No,Sales,Manager,No,16606,46,13,2,0.0046,1,0.3525,MonthlyIncome
1529,train,No,Research & Development,Healthcare Representative,No,8606,35,11,2,0.0669,5,0.4014,Age
1533,train,No,Research & Development,Laboratory Technician,No,2272,23,4,3,0.5333,10,0.4549,Age
1534,train,Yes,Research & Development,Laboratory Technician,No,2018,40,5,1,0.2955,9,0.5952,MonthlyIncome
1535,train,No,Sales,Sales Executive,Yes,7083,34,10,3,0.336,9,0.5191,OverTime
1537,train,Yes,Research & Development,Research Scientist,No,4084,31,7,3,0.3133,9,0.5674,StockOptionLevel
1539,train,No,Research & Development,Research Director,Yes,14411,50,32,4,0.4958,10,0.4451,OverTime
1541,test,No,Sales,Sales Representative,Yes,2308,34,11,3,0.3338,9,0.5417,OverTime
1542,train,No,Research & Development,Laboratory Technician,No,4841,42,1,2,0.1582,7,0.3551,Age
1543,test,No,Research & Development,Research Scientist,No,4285,37,10,4,0.0298,4,0.3845,Age
1544,train,No,Research & Development,Healthcare Representative,No,9715,29,7,1,0.0156,3,0.3428,StockOptionLevel
1545,train,No,Research & Development,Manufacturing Director,No,4320,33,5,2,0.0833,6,0.4389,StockOptionLevel
1546,test,No,Research & Development,Research Scientist,No,2132,45,5,4,0.0185,3,0.3536,OverTime
1547,train,No,Research & Development,Healthcare Representative,Yes,10124,42,20,4,0.2048,8,0.3394,Age
1548,train,No,Sales,Sales Executive,No,5473,40,8,1,0.1092,7,0.4009,Age
1549,train,No,Research & Development,Laboratory Technician,Yes,5207,33,15,3,0.2753,9,0.4103,MonthlyIncome
1550,train,No,Human Resources,Manager,Yes,16437,40,21,4,0.0,1,0.3938,OverTime
1551,test,No,Research & Development,Laboratory Technician,No,2296,24,1,1,0.4467,9,0.5488,MonthlyIncome
1552,train,No,Research & Development,Healthcare Representative,Yes,4069,40,2,4,0.0167,3,0.3736,Age
1553,train,No,Research & Development,Healthcare Representative,No,7441,45,10,2,0.0386,4,0.3752,OverTime
1554,train,No,Sales,Sales Representative,No,2430,35,5,3,0.1857,8,0.3235,OverTime
1555,train,No,Research & Development,Research Scientist,No,5878,32,7,2,0.0435,5,0.3122,StockOptionLevel
1556,train,No,Sales,Sales Representative,Yes,2644,36,3,4,0.444,9,0.5287,OverTime
1557,train,No,Sales,Sales Executive,No,6439,48,8,3,0.0342,4,0.3598,OverTime
1558,train,No,Research & Development,Research Scientist,No,2451,29,1,3,0.0785,6,0.5038,OverTime
1560,train,No,Sales,Sales Executive,No,6392,33,2,1,0.1825,8,0.3527,StockOptionLevel
1562,test,Yes,Sales,Sales Executive,No,9714,30,10,1,0.0709,6,0.3605,StockOptionLevel
1563,train,No,Human Resources,Human Resources,No,6077,38,6,3,0.2033,8,0.3468,Age
1564,train,No,Research & Development,Laboratory Technician,No,2450,35,3,1,0.2727,8,0.4055,Age
1568,train,No,Sales,Sales Executive,No,9250,30,4,2,0.274,8,0.4186,StockOptionLevel
1569,train,Yes,Research & Development,Laboratory Technician,Yes,2074,35,1,1,0.5805,10,0.6616,OverTime
1572,test,Yes,Research & Development,Manufacturing Director,No,10169,53,33,4,0.0012,1,0.3456,StockOptionLevel
1573,train,Yes,Research & Development,Manufacturing Director,No,4855,38,5,2,0.0205,3,0.3444,Age
1574,test,No,Research & Development,Research Scientist,No,4087,32,6,1,0.0482,5,0.3112,StockOptionLevel
1576,train,No,Research & Development,Research Scientist,No,2367,48,8,1,0.1099,7,0.3955,OverTime
1577,test,No,Research & Development,Research Scientist,No,2972,34,1,4,0.1884,8,0.5306,YearsWithCurrManager
1578,train,No,Sales,Manager,No,19586,55,36,4,0.0023,1,0.3423,MonthlyIncome
1580,train,No,Research & Development,Research Scientist,No,5484,34,2,4,0.1155,7,0.3632,NumCompaniesWorked
1581,train,No,Research & Development,Research Scientist,No,2061,26,1,4,0.0421,4,0.5026,OverTime
1582,test,No,Sales,Sales Executive,No,9924,38,9,2,0.023,3,0.367,OverTime
1583,train,No,Sales,Sales Executive,No,4198,38,3,2,0.0771,6,0.3818,Age
1585,train,No,Sales,Sales Executive,No,6815,36,1,3,0.0806,6,0.4129,OverTime
1586,train,No,Research & Development,Laboratory Technician,Yes,4723,29,10,1,0.3489,9,0.4953,MonthlyIncome
1587,train,No,Research & Development,Healthcare Representative,Yes,6142,35,5,3,0.1351,7,0.4837,OverTime
1588,train,No,Sales,Sales Executive,No,8237,39,7,3,0.0148,3,0.3756,OverTime
1590,train,No,Research & Development,Healthcare Representative,No,8853,29,6,4,0.0219,3,0.3545,StockOptionLevel
1591,test,No,Sales,Manager,Yes,19331,50,1,3,0.0301,4,0.36,Age
1592,test,No,Research & Development,Research Scientist,No,2073,23,2,3,0.0308,4,0.4067,MonthlyIncome
1594,train,No,Research & Development,Laboratory Technician,Yes,5562,36,3,1,0.5931,10,0.4386,OverTime
1595,train,No,Research & Development,Manager,No,19613,42,1,4,0.0217,3,0.3705,Age
1596,train,No,Research & Development,Laboratory Technician,No,3407,35,10,3,0.0646,5,0.3292,OverTime
1597,train,No,Research & Development,Healthcare Representative,No,5063,34,8,3,0.24,8,0.3117,MonthlyIncome
1598,train,No,Sales,Sales Executive,No,4639,40,5,1,0.0394,4,0.3377,OverTime
1599,train,No,Research & Development,Laboratory Technician,No,4876,43,6,2,0.1612,7,0.3445,Age
1601,train,No,Research & Development,Laboratory Technician,No,2690,35,1,4,0.0629,5,0.3662,Age
1602,train,No,Sales,Manager,No,17567,46,26,1,0.0054,2,0.3845,MonthlyIncome
1604,train,Yes,Research & Development,Laboratory Technician,Yes,2408,28,1,2,0.4134,9,0.7199,MonthlyIncome
1605,test,No,Research & Development,Research Scientist,Yes,2814,22,4,3,0.3012,9,0.6411,OverTime
1606,train,No,Research & Development,Healthcare Representative,Yes,11245,50,30,3,0.1656,8,0.4235,OverTime
1607,train,No,Research & Development,Research Scientist,No,3312,32,3,4,0.0025,1,0.3722,StockOptionLevel
1608,train,No,Research & Development,Research Director,Yes,19049,44,22,4,0.0031,1,0.3366,MonthlyIncome
1609,train,No,Research & Development,Research Scientist,No,2141,30,6,2,0.1289,7,0.4632,MonthlyIncome
1611,train,No,Research & Development,Laboratory Technician,Yes,5769,45,10,1,0.5974,10,0.4671,OverTime
1612,test,No,Sales,Sales Executive,No,4385,45,10,1,0.2976,9,0.3981,OverTime
1613,train,No,Sales,Sales Executive,No,5332,31,5,1,0.1816,8,0.5444,StockOptionLevel
1614,train,No,Research & Development,Manufacturing Director,Yes,4663,36,3,3,0.2206,8,0.3769,OverTime
1615,train,No,Research & Development,Manufacturing Director,No,4724,34,9,4,0.0271,4,0.2888,StockOptionLevel
1617,train,No,Research & Development,Laboratory Technician,No,3211,49,9,1,0.055,5,0.351,OverTime
1618,test,No,Research & Development,Manufacturing Director,No,5377,39,7,1,0.0119,2,0.3474,Age
1619,train,No,Research & Development,Laboratory Technician,No,4066,27,7,1,0.0333,4,0.3753,StockOptionLevel
1621,train,No,Research & Development,Research Scientist,No,5208,35,16,1,0.0054,2,0.346,Age
1622,train,No,Research & Development,Manufacturing Director,No,4877,28,5,1,0.1604,7,0.4282,YearsWithCurrManager
1623,train,No,Research & Development,Research Scientist,No,3117,21,2,4,0.0544,5,0.5327,Age
1624,train,Yes,Sales,Sales Representative,Yes,1569,18,0,4,0.7411,10,0.7326,MonthlyIncome
1625,train,No,Human Resources,Manager,No,19658,47,5,3,0.0,1,0.3003,Age
1627,train,No,Research & Development,Laboratory Technician,No,3069,39,10,3,0.0094,2,0.3007,OverTime
1628,train,No,Research & Development,Manufacturing Director,No,10435,40,18,3,0.0212,3,0.3726,OverTime
1630,train,No,Research & Development,Healthcare Representative,No,4148,35,14,3,0.0003,1,0.2979,OverTime
1631,test,No,Research & Development,Manufacturing Director,No,5768,37,4,3,0.0234,3,0.3349,MonthlyIncome
1633,train,No,Research & Development,Manufacturing Director,No,5042,39,9,3,0.1137,7,0.4105,Age
1635,train,No,Research & Development,Manufacturing Director,No,5770,45,10,4,0.0007,1,0.3079,StockOptionLevel
1638,train,No,Research & Development,Manufacturing Director,Yes,7756,38,5,3,0.0087,2,0.3491,OverTime
1639,train,Yes,Sales,Sales Executive,No,10306,35,13,1,0.3046,9,0.4854,OverTime
1640,train,No,Research & Development,Research Scientist,No,3936,37,8,2,0.135,7,0.3851,WorkLifeBalance
1641,train,No,Research & Development,Manufacturing Director,Yes,7945,40,4,4,0.2001,8,0.3916,Age
1642,train,No,Human Resources,Human Resources,Yes,5743,44,10,4,0.4208,9,0.4255,Age
1644,train,No,Research & Development,Manager,No,15202,48,2,4,0.0114,2,0.3179,MonthlyIncome
1645,test,Yes,Sales,Sales Executive,Yes,5440,35,2,4,0.753,10,0.4842,OverTime
1646,test,No,Research & Development,Research Scientist,Yes,3760,24,6,4,0.7068,10,0.6266,JobLevel
1647,train,No,Research & Development,Research Scientist,No,3517,27,3,3,0.0967,6,0.5206,Age
1648,test,No,Research & Development,Research Scientist,No,2580,27,4,4,0.1165,7,0.5733,Age
1649,train,Yes,Research & Development,Laboratory Technician,Yes,2166,40,4,1,0.896,10,0.6553,MonthlyIncome
1650,train,No,Sales,Sales Executive,No,5869,29,5,3,0.432,9,0.5388,Age
1651,train,No,Research & Development,Healthcare Representative,No,8008,36,3,1,0.0141,3,0.3486,OverTime
1653,train,No,Research & Development,Manufacturing Director,No,5206,25,7,3,0.0012,1,0.298,StockOptionLevel
1654,train,No,Research & Development,Manufacturing Director,No,5295,39,5,2,0.0223,3,0.4217,YearsWithCurrManager
1655,test,No,Research & Development,Research Director,No,16413,49,4,2,0.004,1,0.3555,MonthlyIncome
1656,train,No,Research & Development,Research Director,No,13269,50,14,1,0.0009,1,0.334,MonthlyIncome
1657,train,No,Sales,Sales Representative,No,2783,20,2,3,0.2117,8,0.554,Age
1658,train,No,Research & Development,Research Scientist,No,5433,34,11,2,0.0074,2,0.2923,OverTime
1659,test,No,Research & Development,Laboratory Technician,No,2013,36,4,2,0.1571,7,0.413,Age
1661,train,No,Research & Development,Healthcare Representative,Yes,13966,49,15,3,0.0044,1,0.3551,MonthlyIncome
1662,train,No,Research & Development,Manufacturing Director,No,4374,36,3,3,0.0015,1,0.3397,Age
1664,test,No,Research & Development,Healthcare Representative,No,6842,36,5,1,0.0085,2,0.3406,StockOptionLevel
1665,test,No,Research & Development,Manager,No,17426,54,10,3,0.0009,1,0.3461,MonthlyIncome
1666,train,No,Research & Development,Research Director,No,17603,43,14,3,0.0071,2,0.3114,StockOptionLevel
1667,test,Yes,Sales,Sales Executive,Yes,4581,35,11,4,0.2053,8,0.5262,OverTime
1668,train,No,Research & Development,Research Scientist,No,4735,38,13,4,0.0015,1,0.3146,StockOptionLevel
1669,train,No,Sales,Sales Executive,Yes,4187,29,10,2,0.4736,9,0.3608,StockOptionLevel
1670,train,No,Sales,Sales Executive,No,5505,33,6,4,0.0028,1,0.304,StockOptionLevel
1671,train,No,Research & Development,Research Scientist,No,5470,32,9,2,0.0045,1,0.3105,StockOptionLevel
1673,train,No,Sales,Sales Executive,No,5476,31,10,4,0.0421,4,0.3339,StockOptionLevel
1674,train,No,Research & Development,Laboratory Technician,Yes,2587,49,2,1,0.2867,9,0.5439,OverTime
1675,train,No,Research & Development,Laboratory Technician,No,2440,38,4,2,0.3097,9,0.4026,Age
1676,test,No,Sales,Manager,No,15972,47,3,2,0.001,1,0.3848,NumCompaniesWorked
1677,train,No,Research & Development,Manager,No,15379,49,8,3,0.0197,3,0.3263,Age
1678,train,No,Sales,Sales Executive,Yes,7082,41,2,3,0.1606,7,0.5657,OverTime
1680,train,No,Sales,Sales Representative,No,2728,20,2,1,0.4372,9,0.5479,Age
1681,train,No,Sales,Sales Executive,Yes,5368,33,6,4,0.0328,4,0.3822,StockOptionLevel
1682,train,No,Research & Development,Healthcare Representative,No,5347,36,3,3,0.1108,7,0.3736,OverTime
1683,train,No,Human Resources,Human Resources,Yes,3195,44,2,4,0.0584,5,0.4197,Age
1684,train,Yes,Research & Development,Laboratory Technician,Yes,3989,23,5,3,0.6236,10,0.5772,OverTime
1687,test,No,Research & Development,Laboratory Technician,No,3306,38,0,3,0.0376,4,0.3895,Age
1689,test,No,Research & Development,Healthcare Representative,No,7005,53,4,4,0.0083,2,0.4096,Age
1691,test,Yes,Sales,Sales Representative,Yes,2655,48,9,3,0.0996,6,0.4801,OverTime
1692,train,Yes,Research & Development,Laboratory Technician,No,1393,32,1,2,0.2166,8,0.6207,MonthlyIncome
1693,train,No,Research & Development,Laboratory Technician,No,2570,26,7,4,0.0112,2,0.4488,OverTime
1694,test,No,Research & Development,Research Scientist,No,3537,55,4,2,0.2889,9,0.4351,OverTime
1696,train,No,Research & Development,Laboratory Technician,No,3986,34,15,4,0.0091,2,0.309,StockOptionLevel
1697,train,No,Research & Development,Healthcare Representative,No,10883,60,1,4,0.0027,1,0.2943,Age
1698,test,No,Research & Development,Laboratory Technician,No,2028,33,14,2,0.0031,1,0.4053,OverTime
1700,train,No,Sales,Sales Executive,No,9525,37,6,4,0.0786,6,0.3512,StockOptionLevel
1701,train,No,Research & Development,Research Scientist,No,2929,34,10,4,0.0507,5,0.3565,OverTime
1702,train,Yes,Sales,Sales Representative,Yes,2275,23,3,4,0.3094,9,0.6771,MonthlyIncome
1703,train,No,Research & Development,Healthcare Representative,Yes,7879,44,8,4,0.0131,3,0.3243,Age
1704,train,No,Research & Development,Research Scientist,Yes,4930,35,5,4,0.307,9,0.4959,OverTime
1706,train,No,Sales,Sales Executive,Yes,7847,43,10,4,0.0418,4,0.3858,OverTime
1707,train,No,Research & Development,Research Scientist,No,4401,24,5,3,0.0085,2,0.329,StockOptionLevel
1708,train,No,Sales,Sales Executive,No,9241,41,10,3,0.0918,6,0.3832,Age
1709,train,No,Research & Development,Laboratory Technician,No,2974,29,5,3,0.0848,6,0.404,OverTime
1710,train,No,Sales,Sales Representative,No,4502,36,13,4,0.1113,7,0.3496,Age
1712,train,No,Research & Development,Healthcare Representative,No,10748,45,23,3,0.0129,3,0.3572,StockOptionLevel
1714,train,Yes,Human Resources,Human Resources,No,1555,24,1,3,0.4014,9,0.5441,MonthlyIncome
1716,train,Yes,Sales,Sales Executive,No,12936,47,23,3,0.8569,10,0.3993,Age
1718,test,No,Research & Development,Laboratory Technician,No,2305,26,3,3,0.0459,5,0.4508,OverTime
1719,train,No,Research & Development,Research Director,No,16704,45,21,2,0.1341,7,0.3683,Age
1720,train,No,Research & Development,Research Scientist,No,3433,32,5,3,0.3698,9,0.4705,StockOptionLevel
1721,train,No,Research & Development,Laboratory Technician,No,3477,31,5,3,0.0267,4,0.3781,OverTime
1722,test,No,Human Resources,Human Resources,No,6430,41,3,2,0.1522,7,0.3181,StockOptionLevel
1724,train,No,Research & Development,Manufacturing Director,Yes,6516,40,1,1,0.0832,6,0.3895,MonthlyIncome
1725,train,No,Research & Development,Laboratory Technician,No,3907,24,6,1,0.1869,8,0.3793,OverTime
1727,train,No,Research & Development,Healthcare Representative,No,5562,46,10,2,0.009,2,0.3547,Age
1728,train,No,Research & Development,Manufacturing Director,No,6883,35,7,3,0.0022,1,0.3431,StockOptionLevel
1729,train,No,Research & Development,Research Scientist,No,2862,30,10,4,0.0399,4,0.3867,OverTime
1731,train,No,Sales,Sales Executive,No,4978,47,1,2,0.1388,7,0.4227,MonthlyIncome
1732,train,No,Sales,Sales Executive,Yes,10368,46,10,4,0.0531,5,0.3647,StockOptionLevel
1733,train,Yes,Sales,Sales Executive,Yes,6134,36,2,1,0.4957,10,0.5335,OverTime
1734,train,Yes,Sales,Sales Executive,No,6735,32,0,2,0.7032,10,0.5839,StockOptionLevel
1735,train,No,Research & Development,Laboratory Technician,No,3295,23,3,2,0.3757,9,0.5402,Age
1736,test,No,Research & Development,Manufacturing Director,No,5238,31,5,4,0.109,7,0.4891,Age
1737,train,No,Research & Development,Laboratory Technician,Yes,6472,39,9,4,0.0191,3,0.3155,MonthlyIncome
1739,test,No,Sales,Sales Executive,No,9610,32,4,3,0.2341,8,0.3834,StockOptionLevel
1740,train,No,Sales,Manager,No,19833,40,21,2,0.1175,7,0.3632,Age
1744,train,No,Human Resources,Human Resources,No,9756,45,5,3,0.0387,4,0.3424,StockOptionLevel
1745,test,No,Research & Development,Research Scientist,No,4968,30,9,1,0.0646,5,0.5321,StockOptionLevel
1746,test,No,Human Resources,Human Resources,No,2145,24,2,4,0.1293,7,0.4831,MonthlyIncome
1747,train,Yes,Human Resources,Human Resources,No,2180,30,4,4,0.4863,10,0.5739,MonthlyIncome
1749,train,No,Sales,Sales Executive,No,8346,31,5,3,0.121,7,0.3603,StockOptionLevel
1751,train,No,Research & Development,Research Scientist,No,3445,27,6,4,0.0198,3,0.4978,Age
1752,train,Yes,Sales,Sales Representative,No,2760,29,2,2,0.7441,10,0.5699,Age
1753,train,No,Research & Development,Healthcare Representative,Yes,6294,29,3,3,0.1064,6,0.4894,StockOptionLevel
1754,train,No,Sales,Sales Executive,No,7140,30,7,1,0.1349,7,0.3669,StockOptionLevel
1755,train,No,Research & Development,Research Scientist,Yes,2932,34,5,4,0.0142,3,0.428,OverTime
1756,train,No,Sales,Sales Executive,No,5147,33,11,2,0.0473,5,0.4789,StockOptionLevel
1757,test,No,Sales,Sales Executive,No,4507,49,5,4,0.0197,3,0.3896,Age
1758,train,Yes,Sales,Sales Executive,Yes,8564,33,0,1,0.8411,10,0.6935,StockOptionLevel
1760,train,No,Research & Development,Laboratory Technician,No,2468,38,6,2,0.2234,8,0.3891,Age
1761,test,Yes,Sales,Sales Executive,No,8161,31,1,3,0.158,7,0.4341,StockOptionLevel
1762,train,No,Research & Development,Research Scientist,No,2109,29,1,1,0.1082,7,0.4882,MonthlyIncome
1763,train,No,Research & Development,Healthcare Representative,No,5294,30,7,3,0.0098,2,0.3127,StockOptionLevel
1764,train,No,Research & Development,Research Scientist,No,2718,32,7,2,0.0253,4,0.4666,OverTime
1766,train,No,Research & Development,Healthcare Representative,Yes,5811,38,1,4,0.2119,8,0.4129,MonthlyIncome
1767,train,Yes,Research & Development,Research Scientist,Yes,2437,43,1,3,0.8148,10,0.6407,Age
1768,train,No,Research & Development,Laboratory Technician,No,2766,42,5,2,0.1131,7,0.4121,Age
1770,train,No,Research & Development,Research Director,No,19038,55,1,1,0.0067,2,0.3234,Age
1771,train,No,Research & Development,Research Scientist,No,3055,33,9,2,0.0099,2,0.3483,StockOptionLevel
1772,train,No,Research & Development,Laboratory Technician,No,2289,41,5,1,0.0553,5,0.3434,OverTime
1774,train,No,Sales,Sales Executive,Yes,4001,34,15,3,0.0039,1,0.3643,OverTime
1775,train,No,Research & Development,Manufacturing Director,Yes,12965,53,3,3,0.0096,2,0.3865,MonthlyIncome
1778,train,No,Human Resources,Human Resources,No,3539,43,9,4,0.0087,2,0.3566,Age
1779,train,No,Sales,Sales Executive,No,6029,34,2,4,0.212,8,0.3847,Age
1780,train,Yes,Sales,Sales Representative,No,2679,21,1,2,0.7524,10,0.5922,Age
1782,train,No,Research & Development,Laboratory Technician,No,3702,38,5,3,0.0137,3,0.3298,Age
1783,train,Yes,Research & Development,Laboratory Technician,Yes,2398,22,1,1,0.4081,9,0.7042,OverTime
1784,train,No,Sales,Sales Executive,No,5468,31,12,4,0.1404,7,0.382,StockOptionLevel
1786,train,No,Research & Development,Manager,No,13116,51,2,3,0.0342,4,0.3727,Age
1787,test,No,Sales,Sales Executive,No,4189,37,5,2,0.2107,8,0.3372,StockOptionLevel
1789,train,No,Research & Development,Research Director,Yes,19328,46,2,4,0.0142,3,0.3332,MonthlyIncome
1790,test,No,Research & Development,Healthcare Representative,Yes,8321,36,12,1,0.1645,7,0.4445,OverTime
1792,train,Yes,Research & Development,Research Scientist,Yes,2342,44,5,2,0.1647,7,0.617,MonthlyIncome
1794,train,No,Human Resources,Human Resources,No,4071,37,10,2,0.0288,4,0.36,Age
1797,train,Yes,Sales,Sales Executive,Yes,5813,35,10,4,0.3732,9,0.522,OverTime
1798,train,No,Research & Development,Research Scientist,No,3143,33,10,1,0.0407,4,0.3696,OverTime
1799,test,No,Research & Development,Research Scientist,No,2044,28,5,4,0.0023,1,0.3629,OverTime
1800,train,No,Research & Development,Research Director,No,13464,39,4,3,0.043,5,0.3683,Age
1801,test,No,Sales,Sales Executive,No,7991,46,2,2,0.4465,9,0.4494,Age
1802,train,No,Research & Development,Laboratory Technician,No,3377,40,4,1,0.0609,5,0.3242,Age
1803,train,No,Research & Development,Healthcare Representative,No,5538,42,0,1,0.0405,4,0.345,Age
1804,test,No,Research & Development,Manufacturing Director,No,5762,35,7,4,0.0003,1,0.3134,StockOptionLevel
1805,train,No,Human Resources,Human Resources,No,2592,38,11,2,0.0118,2,0.392,OverTime
1807,train,Yes,Research & Development,Laboratory Technician,No,5346,34,7,1,0.216,8,0.3208,MonthlyIncome
1809,train,Yes,Research & Development,Manufacturing Director,No,4213,37,10,1,0.0418,4,0.4332,WorkLifeBalance
1812,train,No,Sales,Sales Executive,No,4127,39,2,4,0.0338,4,0.3308,Age
1813,train,No,Research & Development,Research Scientist,No,2438,43,3,3,0.1119,7,0.4228,Age
1814,train,No,Research & Development,Healthcare Representative,No,6870,41,3,2,0.1108,7,0.3776,Age
1815,train,No,Sales,Sales Executive,Yes,10447,41,22,3,0.0672,5,0.392,OverTime
1816,train,No,Research & Development,Manufacturing Director,No,9667,30,7,3,0.1318,7,0.4624,Age
1818,test,Yes,Human Resources,Human Resources,Yes,2148,26,5,2,0.1588,7,0.62,OverTime
1821,train,Yes,Research & Development,Healthcare Representative,No,8926,46,9,2,0.003,1,0.4028,OverTime
1822,train,No,Research & Development,Healthcare Representative,No,6513,40,5,4,0.0016,1,0.2908,StockOptionLevel
1823,test,No,Sales,Sales Executive,No,6799,34,10,3,0.0157,3,0.3287,OverTime
1824,train,No,Sales,Manager,No,16291,58,16,2,0.0026,1,0.3463,MonthlyIncome
1826,train,No,Research & Development,Laboratory Technician,No,2705,35,5,3,0.1288,7,0.3462,OverTime
1827,train,No,Research & Development,Manufacturing Director,Yes,10333,47,22,2,0.1589,7,0.3753,OverTime
1829,train,No,Research & Development,Healthcare Representative,No,4448,40,7,1,0.0299,4,0.3172,OverTime
1830,train,No,Research & Development,Research Scientist,No,6854,54,7,4,0.0047,1,0.3409,StockOptionLevel
1833,train,No,Sales,Sales Executive,No,9637,31,3,1,0.2445,8,0.3671,StockOptionLevel
1834,train,No,Research & Development,Research Scientist,No,3591,28,3,1,0.0204,3,0.3627,StockOptionLevel
1835,train,No,Sales,Sales Representative,Yes,5405,38,4,4,0.3429,9,0.3493,StockOptionLevel
1836,train,No,Sales,Sales Executive,No,4684,26,5,4,0.0774,6,0.4593,StockOptionLevel
1837,train,No,Research & Development,Research Director,Yes,15787,58,2,3,0.0835,6,0.5044,OverTime
1839,test,No,Research & Development,Research Scientist,No,1514,18,0,3,0.1029,6,0.6419,MonthlyIncome
1842,test,Yes,Human Resources,Human Resources,No,2956,31,1,1,0.0847,6,0.5029,Age
1844,train,Yes,Human Resources,Human Resources,Yes,2335,29,2,1,0.8508,10,0.7265,MonthlyIncome
1845,train,No,Sales,Sales Executive,No,5154,45,8,3,0.003,1,0.3117,StockOptionLevel
1847,train,No,Research & Development,Research Scientist,Yes,6962,36,1,2,0.0279,4,0.4293,OverTime
1849,train,No,Sales,Sales Executive,No,5675,43,7,4,0.0427,5,0.3353,StockOptionLevel
1850,train,No,Research & Development,Laboratory Technician,Yes,2379,27,5,4,0.3598,9,0.5554,JobLevel
1852,train,No,Research & Development,Laboratory Technician,No,3812,29,11,4,0.0263,4,0.45,Age
1853,train,No,Sales,Sales Executive,No,4648,32,0,4,0.3282,9,0.5393,StockOptionLevel
1854,test,No,Research & Development,Research Scientist,No,2936,42,6,3,0.0429,5,0.3269,Age
1856,train,No,Research & Development,Laboratory Technician,No,2105,47,2,3,0.2202,8,0.4976,Age
1857,train,No,Research & Development,Manufacturing Director,No,8578,46,9,4,0.0025,1,0.3394,StockOptionLevel
1858,train,No,Human Resources,Human Resources,No,2706,28,3,4,0.0135,3,0.3924,OverTime
1859,train,No,Research & Development,Healthcare Representative,No,6384,29,7,3,0.0805,6,0.3592,StockOptionLevel
1860,train,No,Research & Development,Laboratory Technician,No,3968,42,0,3,0.0706,6,0.3784,Age
1862,train,Yes,Sales,Sales Executive,Yes,9907,32,2,2,0.9017,10,0.6373,StockOptionLevel
1863,train,No,Sales,Sales Executive,No,13225,46,19,1,0.0038,1,0.357,StockOptionLevel
1864,train,No,Sales,Sales Representative,No,3540,27,9,3,0.098,6,0.3723,StockOptionLevel
1865,train,No,Human Resources,Human Resources,No,2804,29,1,2,0.0815,6,0.501,OverTime
1866,train,No,Research & Development,Manager,No,19392,43,16,3,0.0271,4,0.3585,Age
1867,test,No,Research & Development,Research Director,No,19665,48,22,2,0.0136,3,0.3727,Age
1868,train,Yes,Research & Development,Research Scientist,Yes,2439,29,1,4,0.8103,10,0.7307,JobLevel
1869,train,Yes,Sales,Sales Executive,No,7314,46,8,2,0.0071,2,0.4255,OverTime
1870,train,No,Research & Development,Research Scientist,No,4774,27,7,1,0.1868,8,0.3635,StockOptionLevel
1871,train,No,Research & Development,Research Scientist,No,3902,39,2,4,0.0172,3,0.3331,Age
1873,train,No,Research & Development,Research Scientist,No,2662,55,5,4,0.0249,3,0.4106,OverTime
1875,train,No,Sales,Sales Representative,No,2856,28,1,2,0.0956,6,0.4632,OverTime
1876,train,Yes,Sales,Sales Representative,No,1081,30,1,4,0.332,9,0.6855,MonthlyIncome
1878,train,Yes,Research & Development,Research Scientist,Yes,2472,22,1,2,0.5454,10,0.7036,OverTime
1880,train,No,Sales,Sales Executive,Yes,5673,36,10,3,0.192,8,0.4449,OverTime
1881,train,No,Research & Development,Laboratory Technician,No,4197,31,10,3,0.0996,6,0.3605,StockOptionLevel
1882,train,No,Sales,Sales Executive,Yes,9713,34,5,4,0.0504,5,0.487,OverTime
1883,train,No,Research & Development,Laboratory Technician,No,2062,29,3,1,0.239,8,0.516,Age
1885,train,No,Research & Development,Research Scientist,Yes,4284,37,5,1,0.0806,6,0.385,OverTime
1886,test,No,Research & Development,Manufacturing Director,Yes,4788,35,3,2,0.0677,6,0.3986,OverTime
1888,train,No,Research & Development,Manufacturing Director,No,5906,45,9,4,0.0077,2,0.3636,MonthlyIncome
1890,test,No,Human Resources,Human Resources,No,3886,36,10,4,0.3308,9,0.4103,Age
1892,test,No,Research & Development,Manager,No,16823,40,19,1,0.0563,5,0.3413,StockOptionLevel
1893,train,No,Research & Development,Research Scientist,Yes,2933,26,1,3,0.3911,9,0.5875,OverTime
1898,train,No,Sales,Sales Executive,No,6500,27,8,3,0.0211,3,0.4171,StockOptionLevel
1900,train,No,Research & Development,Manager,No,17174,48,22,4,0.0033,1,0.3431,MonthlyIncome
1903,train,No,Research & Development,Healthcare Representative,No,5033,44,2,1,0.0091,2,0.3172,StockOptionLevel
1905,train,Yes,Research & Development,Research Scientist,Yes,2307,34,5,1,0.6062,10,0.7002,OverTime
1907,train,Yes,Research & Development,Laboratory Technician,No,2587,56,4,4,0.1659,8,0.554,YearsWithCurrManager
1908,train,No,Sales,Sales Executive,No,5507,36,4,2,0.3033,9,0.3848,StockOptionLevel
1909,train,No,Sales,Sales Executive,No,4393,41,5,2,0.0374,4,0.3523,StockOptionLevel
1911,test,No,Research & Development,Research Director,No,13348,42,13,1,0.0154,3,0.341,Age
1912,train,No,Sales,Sales Executive,Yes,6583,31,5,4,0.0551,5,0.3608,StockOptionLevel
1915,train,No,Sales,Sales Executive,Yes,8103,34,4,4,0.1459,7,0.5177,OverTime
1916,train,No,Research & Development,Laboratory Technician,No,3978,31,2,3,0.3944,9,0.4876,NumCompaniesWorked
1918,train,No,Research & Development,Laboratory Technician,No,2544,26,7,4,0.0325,4,0.3969,JobLevel
1922,train,No,Research & Development,Healthcare Representative,No,5399,45,4,3,0.0402,4,0.3954,Age
1924,train,No,Sales,Sales Executive,No,5487,33,10,3,0.1562,7,0.4636,StockOptionLevel
1927,train,No,Sales,Sales Executive,Yes,6834,28,7,4,0.1508,7,0.4082,StockOptionLevel
1928,train,Yes,Sales,Sales Representative,No,1091,29,1,1,0.8033,10,0.6647,YearsWithCurrManager
1929,train,No,Sales,Sales Executive,No,5736,39,3,3,0.168,8,0.3795,OverTime
1931,test,No,Research & Development,Research Scientist,No,2226,27,5,2,0.116,7,0.4194,MonthlyIncome
1932,train,No,Research & Development,Research Scientist,Yes,5747,34,15,4,0.1284,7,0.4155,OverTime
1933,train,Yes,Sales,Sales Executive,Yes,9854,28,2,3,0.5419,10,0.6155,StockOptionLevel
1934,train,No,Research & Development,Research Scientist,No,5467,47,8,2,0.0077,2,0.346,StockOptionLevel
1935,train,No,Sales,Sales Executive,No,5380,56,0,1,0.07,6,0.3358,StockOptionLevel
1936,train,No,Research & Development,Manufacturing Director,No,5151,39,10,1,0.0672,6,0.331,StockOptionLevel
1937,train,No,Research & Development,Research Scientist,Yes,2133,38,20,2,0.0271,4,0.4208,MonthlyIncome
1938,train,No,Sales,Manager,Yes,17875,58,1,4,0.0075,2,0.3552,Age
1939,test,Yes,Research & Development,Research Scientist,Yes,2432,32,4,3,0.5748,10,0.6435,OverTime
1940,train,No,Research & Development,Research Scientist,No,4771,38,5,4,0.0051,2,0.304,Age
1941,train,No,Research & Development,Research Director,No,19161,49,5,4,0.0052,2,0.3776,Age
1943,train,No,Sales,Sales Executive,Yes,5087,42,0,4,0.1037,6,0.3596,Age
1944,test,Yes,Human Resources,Human Resources,No,2863,27,1,2,0.8314,10,0.5873,Age
1945,train,No,Sales,Sales Executive,No,5561,35,5,1,0.1452,7,0.3849,OverTime
1947,train,No,Research & Development,Research Scientist,No,2144,28,5,3,0.0298,4,0.4943,MonthlyIncome
1948,train,No,Research & Development,Research Scientist,Yes,3065,31,4,1,0.0349,4,0.4936,OverTime
1949,train,No,Research & Development,Laboratory Technician,No,2810,36,5,2,0.0381,4,0.3841,OverTime
1950,train,No,Sales,Sales Executive,No,9888,34,14,4,0.2211,8,0.4043,OverTime
1951,train,No,Sales,Sales Executive,No,8628,34,8,3,0.0207,3,0.3686,StockOptionLevel
1952,train,No,Research & Development,Laboratory Technician,No,2867,26,7,1,0.162,7,0.4842,Age
1954,train,No,Research & Development,Healthcare Representative,No,5373,29,5,1,0.0657,5,0.3388,StockOptionLevel
1955,train,No,Research & Development,Healthcare Representative,No,6667,32,5,4,0.0027,1,0.3228,StockOptionLevel
1956,train,No,Research & Development,Research Scientist,No,5003,31,10,1,0.1501,7,0.459,StockOptionLevel
1960,train,Yes,Research & Development,Laboratory Technician,No,2367,28,4,4,0.5298,10,0.5761,MonthlyIncome
1961,train,No,Sales,Sales Representative,No,2858,38,1,1,0.6463,10,0.4799,Age
1962,train,No,Sales,Sales Executive,Yes,5204,35,10,4,0.0165,3,0.4862,OverTime
1965,train,No,Sales,Sales Executive,No,4105,27,7,4,0.0211,3,0.441,StockOptionLevel
1966,train,No,Research & Development,Manufacturing Director,No,9679,32,1,4,0.097,6,0.4993,Age
1967,train,Yes,Sales,Sales Executive,Yes,5617,31,10,4,0.3906,9,0.6093,OverTime
1968,train,Yes,Sales,Sales Executive,Yes,10448,53,2,1,0.905,10,0.6471,OverTime
1969,train,No,Research & Development,Research Scientist,No,2897,54,4,3,0.0208,3,0.366,OverTime
1970,train,No,Research & Development,Healthcare Representative,No,5968,33,9,3,0.0038,1,0.3022,StockOptionLevel
1971,train,No,Research & Development,Healthcare Representative,No,7510,43,10,3,0.0094,2,0.3434,OverTime
1972,train,No,Human Resources,Human Resources,Yes,2991,38,6,2,0.1253,7,0.458,OverTime
1973,train,No,Human Resources,Manager,Yes,19636,55,10,2,0.0,1,0.3922,OverTime
1974,train,No,Research & Development,Laboratory Technician,Yes,1129,31,1,4,0.1256,7,0.6291,MonthlyIncome
1975,train,No,Sales,Sales Executive,No,13341,39,20,1,0.4834,10,0.3852,OverTime
1976,train,No,Research & Development,Research Scientist,No,4332,42,20,3,0.0114,2,0.3483,Age
1979,train,No,Research & Development,Research Director,No,11031,31,11,3,0.0013,1,0.331,StockOptionLevel
1980,train,No,Research & Development,Manufacturing Director,Yes,4440,54,5,1,0.1969,8,0.4079,Age
1981,train,No,Research & Development,Healthcare Representative,No,4617,24,4,3,0.2005,8,0.4476,StockOptionLevel
1982,train,No,Research & Development,Laboratory Technician,No,2647,23,5,4,0.0165,3,0.5098,Age
1985,test,No,Research & Development,Laboratory Technician,No,6323,40,10,3,0.2118,8,0.3382,Age
1986,train,No,Sales,Sales Executive,No,5677,40,11,2,0.0227,3,0.3117,OverTime
1987,train,No,Human Resources,Human Resources,No,2187,25,2,2,0.1592,7,0.476,OverTime
1989,train,No,Research & Development,Laboratory Technician,No,3748,30,12,2,0.0124,2,0.4313,Age
1992,train,No,Research & Development,Laboratory Technician,Yes,3977,25,2,3,0.2638,8,0.492,MonthlyIncome
1993,train,No,Research & Development,Healthcare Representative,No,8633,47,17,3,0.0398,4,0.419,OverTime
1994,train,No,Research & Development,Laboratory Technician,No,2008,33,1,3,0.0507,5,0.5475,MonthlyIncome
1995,train,No,Sales,Sales Executive,No,4440,38,15,2,0.0039,1,0.3086,StockOptionLevel
1996,test,No,Sales,Sales Representative,No,3067,31,2,3,0.1529,7,0.4118,OverTime
1997,train,No,Research & Development,Manufacturing Director,No,5321,38,8,3,0.1711,8,0.3489,Age
1998,train,No,Research & Development,Research Scientist,Yes,5410,42,4,1,0.3447,9,0.4026,OverTime
1999,test,No,Research & Development,Research Scientist,No,2782,41,5,4,0.0071,2,0.3598,OverTime
2000,train,No,Research & Development,Research Director,No,11957,47,13,2,0.0012,1,0.359,StockOptionLevel
2003,train,No,Research & Development,Laboratory Technician,Yes,2660,35,2,3,0.3751,9,0.5271,OverTime
2007,train,No,Research & Development,Research Scientist,No,3375,22,3,3,0.0168,3,0.4869,Age
2008,test,No,Research & Development,Research Scientist,No,5098,35,10,3,0.0118,2,0.3885,StockOptionLevel
2009,train,No,Research & Development,Healthcare Representative,Yes,4878,33,9,4,0.089,6,0.3716,StockOptionLevel
2010,train,No,Research & Development,Laboratory Technician,No,2837,32,6,2,0.5576,10,0.5152,Age
2012,train,No,Research & Development,Laboratory Technician,No,2406,40,1,4,0.1861,8,0.4771,Age
2013,test,No,Sales,Sales Representative,No,2269,32,2,2,0.2557,8,0.4325,OverTime
2014,train,No,Research & Development,Research Scientist,No,4108,39,7,4,0.1355,7,0.3795,Age
2015,train,No,Research & Development,Research Director,No,13206,38,18,3,0.0026,1,0.3236,MonthlyIncome
2016,train,No,Sales,Sales Executive,No,10422,32,14,4,0.0064,2,0.3372,StockOptionLevel
2017,train,No,Research & Development,Research Director,Yes,13744,37,16,4,0.0089,2,0.3076,MonthlyIncome
2018,train,No,Sales,Sales Executive,Yes,4907,25,5,3,0.1526,7,0.3835,StockOptionLevel
2019,train,No,Sales,Sales Representative,No,3482,52,9,4,0.0274,4,0.33,Age
2020,train,No,Research & Development,Research Scientist,Yes,2436,44,4,4,0.2784,9,0.5217,Age
2021,train,No,Sales,Sales Representative,Yes,2380,21,2,1,0.6659,10,0.6584,MonthlyIncome
2022,train,No,Research & Development,Manager,No,19431,39,6,4,0.009,2,0.3312,Age
2023,train,Yes,Sales,Sales Representative,No,1790,23,1,1,0.7616,10,0.6276,MonthlyIncome
2024,train,No,Sales,Sales Executive,No,7644,36,9,4,0.0203,3,0.3528,OverTime
2025,train,No,Research & Development,Manufacturing Director,No,5131,36,4,2,0.0103,2,0.3379,Age
2026,train,No,Research & Development,Healthcare Representative,No,6306,56,13,3,0.0007,1,0.3104,StockOptionLevel
2027,test,Yes,Research & Development,Research Scientist,Yes,4787,29,2,4,0.2267,8,0.555,MonthlyIncome
2031,train,No,Research & Development,Manager,No,18880,42,22,3,0.0815,6,0.3679,Age
2032,train,Yes,Research & Development,Laboratory Technician,No,2339,56,10,3,0.2247,8,0.5602,MonthlyIncome
2034,train,No,Research & Development,Manufacturing Director,No,13570,41,20,2,0.0123,2,0.3425,StockOptionLevel
2035,test,No,Sales,Sales Executive,No,6712,34,8,3,0.0183,3,0.3661,OverTime
2036,train,No,Sales,Sales Executive,No,5406,36,15,4,0.0364,4,0.3367,StockOptionLevel
2037,train,No,Sales,Sales Executive,No,8938,41,5,2,0.0105,2,0.3498,StockOptionLevel
2038,test,No,Research & Development,Research Scientist,No,2439,32,4,1,0.0969,6,0.501,OverTime
2040,train,No,Human Resources,Human Resources,Yes,8837,35,9,4,0.2831,9,0.4194,OverTime
2041,test,No,Sales,Sales Executive,No,5343,38,10,4,0.0134,3,0.3234,OverTime
2044,train,Yes,Sales,Sales Executive,No,6728,50,6,3,0.0473,5,0.4172,NumCompaniesWorked
2045,train,No,Sales,Sales Executive,No,6652,36,6,4,0.2115,8,0.3923,YearsWithCurrManager
2046,train,No,Sales,Sales Executive,No,4850,45,5,3,0.1233,7,0.4233,Age
2048,train,No,Research & Development,Research Scientist,No,2809,40,2,3,0.0438,5,0.3979,Age
2049,test,No,Research & Development,Healthcare Representative,Yes,5689,35,10,3,0.0679,6,0.4124,OverTime
2051,train,No,Research & Development,Research Scientist,No,2001,40,5,3,0.0014,1,0.3123,OverTime
2052,train,No,Research & Development,Research Scientist,No,2977,35,4,4,0.0114,2,0.3127,OverTime
2053,train,No,Research & Development,Laboratory Technician,Yes,4025,29,4,2,0.4348,9,0.3714,StockOptionLevel
2054,train,No,Research & Development,Research Scientist,No,3785,29,5,1,0.2436,8,0.532,Age
2055,test,Yes,Sales,Sales Executive,Yes,10854,50,3,1,0.5224,10,0.4166,Age
2056,train,No,Sales,Sales Executive,No,12031,39,20,4,0.2702,8,0.3973,Age
2057,train,No,Research & Development,Manufacturing Director,No,9936,31,9,1,0.0171,3,0.4468,StockOptionLevel
2060,train,No,Sales,Sales Representative,No,2966,26,4,3,0.0691,6,0.5679,Age
2061,train,No,Research & Development,Laboratory Technician,No,2571,36,5,4,0.0473,5,0.317,Age
2062,train,No,Research & Development,Healthcare Representative,No,9991,39,7,1,0.0167,3,0.3426,StockOptionLevel
2064,train,No,Research & Development,Manufacturing Director,Yes,6142,27,6,2,0.1474,7,0.3637,StockOptionLevel
2065,train,No,Sales,Sales Executive,No,5390,49,9,2,0.0174,3,0.4346,StockOptionLevel
2068,train,No,Research & Development,Laboratory Technician,No,4404,34,4,3,0.0551,5,0.3475,Age
